0,DATE,D0,D1,D2,D3,D4,-9,W0,W1,W2,W3,W4
0,d_18950101,0,0,0,0,0,100,0,0,0,0,0
0,d_18950201,0,0,0,0,0,100,0,0,0,0,0
0,d_18950301,0,0,0,0,0,100,0,0,0,0,0
0,d_18950401,0,0,0,0,0,100,0,0,0,0,0
0,d_18950501,0,0,0,0,0,100,0,0,0,0,0
0,d_18950601,0,0,0,0,0,100,0,0,0,0,0
0,d_18950701,0,0,0,0,0,100,0,0,0,0,0
0,d_18950801,0,0,0,0,0,100,0,0,0,0,0
54.9,d_18950901,45.1,8.9,0,0,0,0,0,0,0,0,0
53.4,d_18951001,46.6,5.2,0,0,0,0,0,0,0,0,0
68.3,d_18951101,0,0,0,0,0,0,31.7,7.1,0,0,0
73.1,d_18951201,0,0,0,0,0,0,26.9,4.6,0,0,0
83.2,d_18960101,0,0,0,0,0,0,16.8,0,0,0,0
97.2,d_18960201,0,0,0,0,0,0,2.8,0,0,0,0
100,d_18960301,0,0,0,0,0,0,0,0,0,0,0
87.9,d_18960401,0.2,0,0,0,0,0,11.9,0,0,0,0
99.3,d_18960501,0.7,0,0,0,0,0,0,0,0,0,0
95.8,d_18960601,4.2,0,0,0,0,0,0,0,0,0,0
100,d_18960701,0,0,0,0,0,0,0,0,0,0,0
0,d_18960801,100,83.3,7.7,0,0,0,0,0,0,0,0
73.1,d_18960901,26.8,7,0,0,0,0,0,0,0,0,0
0.2,d_18961001,0,0,0,0,0,0,99.8,92.4,14.3,0,0
0.7,d_18961101,0,0,0,0,0,0,99.3,84.5,13.3,0,0
2.6,d_18961201,0,0,0,0,0,0,97.4,52.2,0,0,0
0,d_18970101,0,0,0,0,0,0,100,92.7,16.1,0,0
0.6,d_18970201,0,0,0,0,0,0,99.5,67.2,0.3,0,0
2.8,d_18970301,0,0,0,0,0,0,97.1,41.4,0,0,0
47.9,d_18970401,0,0,0,0,0,0,52,5.2,0,0,0
1,d_18970501,0,0,0,0,0,0,99,64.2,0,0,0
19.2,d_18970601,0,0,0,0,0,0,80.8,5.7,0,0,0
71.8,d_18970701,28.2,0,0,0,0,0,0,0,0,0,0
83.7,d_18970801,16.3,0.6,0,0,0,0,0,0,0,0,0
13.3,d_18970901,0,0,0,0,0,0,86.7,35.2,0,0,0
86.6,d_18971001,0,0,0,0,0,0,13.4,0,0,0,0
89,d_18971101,0,0,0,0,0,0,11,0,0,0,0
99.8,d_18971201,0,0,0,0,0,0,0.2,0,0,0,0
74.9,d_18980101,0,0,0,0,0,0,25.1,0,0,0,0
100,d_18980201,0,0,0,0,0,0,0,0,0,0,0
78.6,d_18980301,0,0,0,0,0,0,21.4,0,0,0,0
89.8,d_18980401,0,0,0,0,0,0,10.2,0,0,0,0
98.8,d_18980501,0,0,0,0,0,0,1.2,0,0,0,0
99.4,d_18980601,0.6,0,0,0,0,0,0,0,0,0,0
67.8,d_18980701,0,0,0,0,0,0,32.2,15.4,1.8,0,0
44.4,d_18980801,0,0,0,0,0,0,55.6,27.4,5.1,0,0
32,d_18980901,0,0,0,0,0,0,68,42.2,11.2,3.5,0
73.6,d_18981001,1.4,0,0,0,0,0,25.1,9.8,0,0,0
54,d_18981101,0,0,0,0,0,0,46,21,2.3,0,0
53.9,d_18981201,0,0,0,0,0,0,46.1,18.8,1.8,0,0
78.8,d_18990101,0.7,0,0,0,0,0,20.6,7.4,0,0,0
83.6,d_18990201,1.8,0,0,0,0,0,14.6,5.2,0,0,0
61.4,d_18990301,34.5,4,0,0,0,0,4.1,0,0,0,0
31.4,d_18990401,68.7,44.8,0.6,0,0,0,0,0,0,0,0
6.5,d_18990501,93.5,60.8,1,0,0,0,0,0,0,0,0
43,d_18990601,57,12.3,0,0,0,0,0,0,0,0,0
99.6,d_18990701,0,0,0,0,0,0,0.4,0,0,0,0
32.6,d_18990801,67.4,9.1,0,0,0,0,0,0,0,0,0
10,d_18990901,89.9,63,0.3,0,0,0,0,0,0,0,0
28.1,d_18991001,71.8,35,0,0,0,0,0,0,0,0,0
28.9,d_18991101,71.1,31.1,0,0,0,0,0,0,0,0,0
19.4,d_18991201,80.6,53.2,0,0,0,0,0,0,0,0,0
7.9,d_19000101,92.1,77.2,2.3,0,0,0,0,0,0,0,0
12.9,d_19000201,87,69.3,0,0,0,0,0,0,0,0,0
9,d_19000301,91,77.5,25.2,0,0,0,0,0,0,0,0
6.1,d_19000401,93.9,80.5,42.4,6.9,0,0,0,0,0,0,0
21.1,d_19000501,78.9,55.3,0.5,0,0,0,0,0,0,0,0
0.9,d_19000601,99.1,78.9,35.7,1.9,0,0,0,0,0,0,0
0,d_19000701,100.1,100.1,99.4,94.1,81.3,0,0,0,0,0,0
0,d_19000801,100,100,100,100,95.2,0,0,0,0,0,0
0.2,d_19000901,99.8,90.4,26.9,0,0,0,0,0,0,0,0
0.2,d_19001001,99.8,90.1,14,0,0,0,0,0,0,0,0
1.6,d_19001101,98.3,70.9,0.2,0,0,0,0,0,0,0,0
0,d_19001201,100,99.9,47.4,0.5,0,0,0,0,0,0,0
0.1,d_19010101,100,93.5,17.1,0,0,0,0,0,0,0,0
9.1,d_19010201,90.9,49.3,0,0,0,0,0,0,0,0,0
22.5,d_19010301,77.4,16.7,0,0,0,0,0,0,0,0,0
100,d_19010401,0,0,0,0,0,0,0,0,0,0,0
76.5,d_19010501,0,0,0,0,0,0,23.5,6.5,0,0,0
55.5,d_19010601,44.5,6.8,0,0,0,0,0,0,0,0,0
98.6,d_19010701,0,0,0,0,0,0,1.4,0,0,0,0
85.7,d_19010801,6.9,0,0,0,0,0,7.4,1.5,0,0,0
89.2,d_19010901,2.4,0,0,0,0,0,8.4,3.8,0,0,0
85,d_19011001,3,0.1,0,0,0,0,12,5.7,0,0,0
81.4,d_19011101,15.5,1.7,0,0,0,0,3.2,0,0,0,0
46.8,d_19011201,53.3,8.8,0,0,0,0,0,0,0,0,0
25.4,d_19020101,74.6,28.1,0,0,0,0,0,0,0,0,0
10.2,d_19020201,89.8,67.1,1.6,0,0,0,0,0,0,0,0
10.9,d_19020301,89,60.5,0.2,0,0,0,0,0,0,0,0
6,d_19020401,94,72.3,18.2,0,0,0,0,0,0,0,0
0,d_19020501,99.9,90.5,27.5,4.9,0,0,0,0,0,0,0
0,d_19020601,100,86.5,29.4,0.4,0,0,0,0,0,0,0
0,d_19020701,100,100,100,100,100,0,0,0,0,0,0
0,d_19020801,100,100,100,100,98.4,0,0,0,0,0,0
0,d_19020901,100,100,100,100,84.5,0,0,0,0,0,0
0,d_19021001,100,100,100,100,78.3,0,0,0,0,0,0
0,d_19021101,100,100,75.2,26.1,5.5,0,0,0,0,0,0
7.3,d_19021201,92.7,70.9,5.8,1.1,0,0,0,0,0,0,0
5.4,d_19030101,94.6,87.4,10.3,2.1,0,0,0,0,0,0,0
6.9,d_19030201,93.1,86,5.6,0.6,0,0,0,0,0,0,0
13.3,d_19030301,86.7,20.6,0.5,0,0,0,0,0,0,0,0
94.4,d_19030401,0,0,0,0,0,0,5.6,0,0,0,0
97.8,d_19030501,0,0,0,0,0,0,2.2,0,0,0,0
90.3,d_19030601,0,0,0,0,0,0,9.7,0.1,0,0,0
90.5,d_19030701,1.1,0,0,0,0,0,8.4,1.2,0,0,0
95.4,d_19030801,4.6,0,0,0,0,0,0,0,0,0,0
39.3,d_19030901,60.6,6.5,0,0,0,0,0,0,0,0,0
38.7,d_19031001,61.3,6.9,0,0,0,0,0,0,0,0,0
7.1,d_19031101,92.9,49.2,0.5,0,0,0,0,0,0,0,0
0,d_19031201,100,98,63.2,5.3,0,0,0,0,0,0,0
0,d_19040101,100,99.9,85.5,35.5,0,0,0,0,0,0,0
0,d_19040201,100,100,93.8,65.8,2.9,0,0,0,0,0,0
0,d_19040301,100,100,99.5,92.2,49.3,0,0,0,0,0,0
0,d_19040401,100,100,89.3,57.4,0.7,0,0,0,0,0,0
0,d_19040501,100,100,99.7,76.1,10,0,0,0,0,0,0
0,d_19040601,100,100,100,100,88.8,0,0,0,0,0,0
0,d_19040701,100,99.1,89.5,80.8,43,0,0,0,0,0,0
16.9,d_19040801,82.5,53.6,19,3.5,0,0,0.7,0,0,0,0
19.2,d_19040901,80.1,47,8.9,0,0,0,0.7,0,0,0,0
78.6,d_19041001,14.9,0,0,0,0,0,6.5,1.8,0,0,0
81.6,d_19041101,14,0,0,0,0,0,4.3,0.8,0,0,0
93.2,d_19041201,0,0,0,0,0,0,6.8,1.5,0,0,0
34.7,d_19050101,0,0,0,0,0,0,65.3,10.9,0,0,0
0.8,d_19050201,0,0,0,0,0,0,99.2,93.8,28,4.2,0
0,d_19050301,0,0,0,0,0,0,100.1,100.1,96.8,85.7,26
0,d_19050401,0,0,0,0,0,0,100,100,100,97.3,79.3
0,d_19050501,0,0,0,0,0,0,100,100,100,99.7,37.6
0,d_19050601,0,0,0,0,0,0,100,100,100,100,100
0,d_19050701,0,0,0,0,0,0,100,100,100,99.4,73.9
0,d_19050801,0,0,0,0,0,0,100,100,100,100,93.2
0,d_19050901,0,0,0,0,0,0,100,100,100,100,99.4
0,d_19051001,0,0,0,0,0,0,100,100,100,96.4,82.3
0,d_19051101,0,0,0,0,0,0,100,100,100,96,64.5
0,d_19051201,0,0,0,0,0,0,100.1,100.1,26.2,0.5,0
12.1,d_19060101,0,0,0,0,0,0,87.9,21.6,0,0,0
0,d_19060201,0,0,0,0,0,0,100,72.3,0.8,0,0
4.2,d_19060301,0,0,0,0,0,0,95.8,34.8,0,0,0
0,d_19060401,0,0,0,0,0,0,100,97.6,6,0,0
0,d_19060501,0,0,0,0,0,0,100,99.4,8.7,0,0
0,d_19060601,0,0,0,0,0,0,100,47.5,0,0,0
4.6,d_19060701,0,0,0,0,0,0,95.4,33,0,0,0
86.7,d_19060801,0,0,0,0,0,0,13.4,3.3,0,0,0
62.6,d_19060901,35.1,6.9,0,0,0,0,2.3,0,0,0,0
53.8,d_19061001,46,15,0,0,0,0,0.2,0,0,0,0
18.2,d_19061101,81.8,44.1,0,0,0,0,0,0,0,0,0
85.2,d_19061201,0,0,0,0,0,0,14.8,6.8,0,0,0
2,d_19070101,0,0,0,0,0,0,98,66.5,12.6,1.9,0
2.5,d_19070201,0,0,0,0,0,0,97.6,61.3,8.4,0.5,0
1.8,d_19070301,0,0,0,0,0,0,98.2,64.2,3.6,0,0
0,d_19070401,0,0,0,0,0,0,99.9,89.5,6,0,0
0,d_19070501,0,0,0,0,0,0,99.9,96.8,11.6,0,0
0,d_19070601,0,0,0,0,0,0,100,100,49.8,12.4,0
0,d_19070701,0,0,0,0,0,0,100,100,85.6,29.3,8.2
0,d_19070801,0,0,0,0,0,0,100,100,97.7,79,22.4
10.2,d_19070901,0,0,0,0,0,0,89.9,83.1,33.4,14.6,6.5
56,d_19071001,0.3,0,0,0,0,0,43.7,17.4,0.3,0,0
14.8,d_19071101,0,0,0,0,0,0,85.2,61.3,10.9,1.7,0
35.1,d_19071201,0.1,0,0,0,0,0,64.8,30.1,2.2,0,0
39.6,d_19080101,0,0,0,0,0,0,60.4,17.7,0,0,0
39.8,d_19080201,0,0,0,0,0,0,60.3,23.8,1,0,0
29.1,d_19080301,0,0,0,0,0,0,70.8,36.6,2,0,0
15.5,d_19080401,0,0,0,0,0,0,84.5,32.1,0,0,0
72.1,d_19080501,0,0,0,0,0,0,27.9,0,0,0,0
60.9,d_19080601,0,0,0,0,0,0,39.1,0,0,0,0
33.7,d_19080701,0,0,0,0,0,0,66.3,11,0,0,0
69.1,d_19080801,0,0,0,0,0,0,30.9,2.6,0,0,0
58.3,d_19080901,0,0,0,0,0,0,41.7,10.5,0.1,0,0
77.7,d_19081001,2.8,0,0,0,0,0,19.5,3.2,0,0,0
70,d_19081101,30,2.1,0,0,0,0,0.1,0,0,0,0
93.8,d_19081201,5.5,0,0,0,0,0,0.7,0,0,0,0
56.5,d_19090101,43.3,5,0,0,0,0,0.1,0,0,0,0
77.9,d_19090201,22,1.2,0,0,0,0,0.1,0,0,0,0
96.9,d_19090301,0.8,0,0,0,0,0,2.3,0,0,0,0
95.8,d_19090401,4.2,0,0,0,0,0,0,0,0,0,0
52.1,d_19090501,47.9,2.9,0,0,0,0,0,0,0,0,0
99.4,d_19090601,0.6,0,0,0,0,0,0,0,0,0,0
76.2,d_19090701,0,0,0,0,0,0,23.9,0.6,0,0,0
0.7,d_19090801,0,0,0,0,0,0,99.3,69.9,0.3,0,0
22.3,d_19090901,0,0,0,0,0,0,77.7,50,0,0,0
25.2,d_19091001,0,0,0,0,0,0,74.9,39.7,0,0,0
51.4,d_19091101,0,0,0,0,0,0,48.6,6.1,0,0,0
98.9,d_19091201,0,0,0,0,0,0,1.1,0,0,0,0
100,d_19100101,0,0,0,0,0,0,0,0,0,0,0
99.1,d_19100201,0.9,0,0,0,0,0,0,0,0,0,0
75.8,d_19100301,24.2,1.4,0,0,0,0,0,0,0,0,0
29.9,d_19100401,70.1,26.8,0,0,0,0,0,0,0,0,0
0,d_19100501,99.9,99.9,89.9,3.2,0,0,0,0,0,0,0
0,d_19100601,100,100,55.1,0,0,0,0,0,0,0,0
18.5,d_19100701,81.5,21,0,0,0,0,0,0,0,0,0
8.4,d_19100801,91.7,64.1,3.9,0,0,0,0,0,0,0,0
1,d_19100901,99,88.8,40.6,7,0,0,0,0,0,0,0
0.7,d_19101001,99.3,90.1,53.2,28.8,4.3,0,0,0,0,0,0
13.5,d_19101101,86.5,58,2.2,0,0,0,0,0,0,0,0
7.4,d_19101201,92.7,70.1,2.9,0,0,0,0,0,0,0,0
18.7,d_19110101,81.3,17.4,0,0,0,0,0,0,0,0,0
98.9,d_19110201,1.1,0,0,0,0,0,0,0,0,0,0
89.1,d_19110301,10.8,1.6,0,0,0,0,0,0,0,0,0
84.2,d_19110401,15.8,4.2,0,0,0,0,0,0,0,0,0
97.2,d_19110501,2.8,0,0,0,0,0,0,0,0,0,0
43.2,d_19110601,0,0,0,0,0,0,56.8,8.4,0,0,0
28.7,d_19110701,0,0,0,0,0,0,71.3,54.1,6.7,0,0
43.8,d_19110801,0.7,0,0,0,0,0,55.5,37.9,2.9,0,0
4.2,d_19110901,0,0,0,0,0,0,95.9,83.5,51.8,31.2,10.7
0,d_19111001,0,0,0,0,0,0,100.1,98.3,73.5,38.5,10.5
16.6,d_19111101,0,0,0,0,0,0,83.4,43.1,5.2,0.1,0
12.6,d_19111201,0,0,0,0,0,0,87.4,57.4,9.9,0.6,0
47.4,d_19120101,0,0,0,0,0,0,52.6,17.9,0.1,0,0
41.8,d_19120201,0,0,0,0,0,0,58.2,17.3,0,0,0
19.4,d_19120301,0,0,0,0,0,0,80.7,26,0.7,0,0
10.6,d_19120401,0,0,0,0,0,0,89.4,12.8,0,0,0
1.9,d_19120501,0,0,0,0,0,0,98.1,78.8,0,0,0
4,d_19120601,0,0,0,0,0,0,96,9,0,0,0
8.2,d_19120701,0,0,0,0,0,0,91.8,54.6,0,0,0
0,d_19120801,0,0,0,0,0,0,100,92.5,18.4,0.6,0
15,d_19120901,0,0,0,0,0,0,85,41.1,4.8,0,0
2.7,d_19121001,0,0,0,0,0,0,97.4,82.9,24,5.8,0
4.7,d_19121101,0,0,0,0,0,0,95.4,59.4,6.4,0,0
91.7,d_19121201,0,0,0,0,0,0,8.3,0,0,0,0
97.2,d_19130101,0,0,0,0,0,0,2.8,0,0,0,0
46.8,d_19130201,0,0,0,0,0,0,53.2,17.1,0,0,0
68.7,d_19130301,0.1,0,0,0,0,0,31.2,13.6,0,0,0
95.7,d_19130401,0,0,0,0,0,0,4.3,0,0,0,0
93.3,d_19130501,6.7,0,0,0,0,0,0,0,0,0,0
99.8,d_19130601,0.1,0,0,0,0,0,0.1,0,0,0,0
92,d_19130701,8,0,0,0,0,0,0,0,0,0,0
96.1,d_19130801,2,0,0,0,0,0,1.9,0,0,0,0
94,d_19130901,3.7,0,0,0,0,0,2.2,0.1,0,0,0
89.6,d_19131001,10,0.9,0,0,0,0,0.5,0,0,0,0
95.3,d_19131101,3.1,0,0,0,0,0,1.6,0,0,0,0
97.5,d_19131201,0.1,0,0,0,0,0,2.4,0,0,0,0
99.5,d_19140101,0,0,0,0,0,0,0.5,0,0,0,0
99.2,d_19140201,0.7,0,0,0,0,0,0.1,0,0,0,0
100,d_19140301,0,0,0,0,0,0,0,0,0,0,0
99.6,d_19140401,0.4,0,0,0,0,0,0,0,0,0,0
100,d_19140501,0,0,0,0,0,0,0,0,0,0,0
79.1,d_19140601,0,0,0,0,0,0,20.9,0,0,0,0
0.1,d_19140701,0,0,0,0,0,0,99.9,71.3,3.9,0,0
44.4,d_19140801,0,0,0,0,0,0,55.6,27.9,2,0,0
43.6,d_19140901,0,0,0,0,0,0,56.4,30.6,4.2,0,0
0,d_19141001,0,0,0,0,0,0,100,96.7,59.8,29.6,4.4
0,d_19141101,0,0,0,0,0,0,100,100,84.3,52.3,10.2
0,d_19141201,0,0,0,0,0,0,100,100,100,100,95.1
0,d_19150101,0,0,0,0,0,0,100,100,100,100,99.8
0,d_19150201,0,0,0,0,0,0,100,100,100,100,100
0,d_19150301,0,0,0,0,0,0,100,100,100,100,100
0,d_19150401,0,0,0,0,0,0,100,100,100,100,99.1
0,d_19150501,0,0,0,0,0,0,100,100,100,100,80.4
0,d_19150601,0,0,0,0,0,0,100,100,100,100,87.8
0,d_19150701,0,0,0,0,0,0,100,100,100,98.6,75.5
0,d_19150801,0,0,0,0,0,0,100,100,80.6,34.4,0
88.8,d_19150901,10.5,0,0,0,0,0,0.7,0,0,0,0
19.1,d_19151001,80.9,54.2,3.5,0,0,0,0,0,0,0,0
13.6,d_19151101,86.4,68.5,14.7,0.8,0,0,0,0,0,0,0
13.4,d_19151201,86.7,67.7,8.3,0.1,0,0,0,0,0,0,0
94.3,d_19160101,2.8,0.2,0,0,0,0,2.9,0,0,0,0
90.9,d_19160201,8.1,0.2,0,0,0,0,1,0,0,0,0
90.4,d_19160301,1,0,0,0,0,0,8.6,0.3,0,0,0
98.5,d_19160401,1.5,0,0,0,0,0,0.1,0,0,0,0
17,d_19160501,0,0,0,0,0,0,82.9,0.8,0,0,0
6,d_19160601,0,0,0,0,0,0,93.9,52.1,0,0,0
3.8,d_19160701,0,0,0,0,0,0,96.1,82.9,0,0,0
0,d_19160801,0,0,0,0,0,0,100.1,95.9,38,0,0
2.4,d_19160901,0,0,0,0,0,0,97.7,60.3,13.9,0,0
81.5,d_19161001,0,0,0,0,0,0,18.5,6.3,0,0,0
87.6,d_19161101,0,0,0,0,0,0,12.4,4.3,0,0,0
74.3,d_19161201,21.7,0,0,0,0,0,4,0,0,0,0
85.5,d_19170101,0,0,0,0,0,0,14.6,4.2,0,0,0
92.1,d_19170201,1,0,0,0,0,0,6.9,0,0,0,0
94.6,d_19170301,2,0,0,0,0,0,3.4,0,0,0,0
95.8,d_19170401,3.8,0,0,0,0,0,0.3,0,0,0,0
100,d_19170501,0,0,0,0,0,0,0,0,0,0,0
100,d_19170601,0,0,0,0,0,0,0,0,0,0,0
92.9,d_19170701,0,0,0,0,0,0,7.1,1.1,0,0,0
90.1,d_19170801,0.5,0,0,0,0,0,9.4,2,0,0,0
56.3,d_19170901,0,0,0,0,0,0,43.7,13.9,0,0,0
56.3,d_19171001,43.7,14.5,0.4,0,0,0,0,0,0,0,0
48.8,d_19171101,51.2,17.5,0.2,0,0,0,0,0,0,0,0
45,d_19171201,55,23.2,0.2,0,0,0,0,0,0,0,0
74,d_19180101,26,4.8,0,0,0,0,0,0,0,0,0
63.8,d_19180201,36.2,9.8,0,0,0,0,0,0,0,0,0
68.3,d_19180301,31.7,3.4,0,0,0,0,0,0,0,0,0
12.7,d_19180401,87.3,39.4,10.7,2.2,0,0,0,0,0,0,0
33.8,d_19180501,66.2,16.1,0,0,0,0,0,0,0,0,0
0,d_19180601,100,35.4,3.6,0,0,0,0,0,0,0,0
0,d_19180701,100,80.8,5.5,0.3,0,0,0,0,0,0,0
5.1,d_19180801,94.8,85,46.7,9.5,1.4,0,0,0,0,0,0
2.4,d_19180901,97.7,90.2,63,28.8,4.1,0,0,0,0,0,0
0,d_19181001,100,99.8,88.2,74.8,31.5,0,0,0,0,0,0
1.1,d_19181101,98.9,93.8,76.9,60.2,10.6,0,0,0,0,0,0
8.2,d_19181201,91.8,77.4,33.2,0,0,0,0,0,0,0,0
2.6,d_19190101,97.4,86.1,41.7,0,0,0,0,0,0,0,0
6.6,d_19190201,93.4,79.5,19.9,0,0,0,0,0,0,0,0
1.3,d_19190301,98.7,89.3,54.3,9.3,0,0,0,0,0,0,0
23.9,d_19190401,76.1,13.5,0,0,0,0,0,0,0,0,0
100,d_19190501,0,0,0,0,0,0,0,0,0,0,0
73,d_19190601,0,0,0,0,0,0,27,2.2,0,0,0
0,d_19190701,0,0,0,0,0,0,100,100,84,58.6,7.2
4.2,d_19190801,0,0,0,0,0,0,95.8,88.9,63.1,25.1,4
0,d_19190901,0,0,0,0,0,0,100,95,77,50.2,17.4
0,d_19191001,0,0,0,0,0,0,100,100,92.7,78,35.1
0,d_19191101,0,0,0,0,0,0,100,100,100,100,90.3
0,d_19191201,0,0,0,0,0,0,100,100,100,94,67.8
0,d_19200101,0,0,0,0,0,0,100,100,100,94.6,69.2
0,d_19200201,0,0,0,0,0,0,99.9,99.9,96.6,86.7,29.1
0,d_19200301,0,0,0,0,0,0,100,100,96.7,83.2,22.3
0,d_19200401,0,0,0,0,0,0,100,91.2,0,0,0
0,d_19200501,0,0,0,0,0,0,100,99.9,13.5,0,0
0,d_19200601,0,0,0,0,0,0,100,100,20.5,0,0
47.8,d_19200701,0,0,0,0,0,0,52.2,4.2,0,0,0
48.7,d_19200801,51.4,25.2,3.8,0.2,0,0,0,0,0,0,0
63,d_19200901,36.4,16.3,0.9,0,0,0,0.6,0,0,0,0
30.7,d_19201001,69.2,36.1,2.9,0,0,0,0,0,0,0,0
4.5,d_19201101,95.4,66.9,7.5,0,0,0,0,0,0,0,0
0.2,d_19201201,99.7,97,61.3,19.2,0,0,0,0,0,0,0
0,d_19210101,100,98.5,84.2,44.7,4.6,0,0,0,0,0,0
0,d_19210201,100,99.2,85.4,28.4,0,0,0,0,0,0,0
0,d_19210301,100,100,99.2,88.7,7.3,0,0,0,0,0,0
0,d_19210401,100.1,97.7,12.7,0,0,0,0,0,0,0,0
0,d_19210501,100.1,100.1,35.3,13,0,0,0,0,0,0,0
0,d_19210601,99.9,99.9,66.5,22.4,2.8,0,0,0,0,0,0
80,d_19210701,15,0,0,0,0,0,5,0,0,0,0
63.7,d_19210801,0.5,0,0,0,0,0,35.9,14.5,0.6,0,0
49.6,d_19210901,0,0,0,0,0,0,50.3,26.2,3.5,0,0
46.1,d_19211001,0,0,0,0,0,0,53.9,29.5,4.7,0,0
48.3,d_19211101,0,0,0,0,0,0,51.7,31.4,3.2,0,0
54.9,d_19211201,0,0,0,0,0,0,45.1,17.7,0.3,0,0
56.3,d_19220101,0,0,0,0,0,0,43.7,17.1,0.1,0,0
71.8,d_19220201,0.1,0,0,0,0,0,28.2,6.5,0,0,0
66.4,d_19220301,0,0,0,0,0,0,33.6,9,0,0,0
45.9,d_19220401,54.1,11,0,0,0,0,0,0,0,0,0
0.6,d_19220501,99.4,83.1,1.1,0,0,0,0,0,0,0,0
1.8,d_19220601,98.1,34.1,1,0,0,0,0,0,0,0,0
17.4,d_19220701,82.7,60.6,4.6,0.2,0,0,0,0,0,0,0
25.9,d_19220801,74.2,24.2,4.6,0.4,0,0,0,0,0,0,0
70.1,d_19220901,30,13.8,0,0,0,0,0,0,0,0,0
43.4,d_19221001,56.6,18.3,0,0,0,0,0,0,0,0,0
86.2,d_19221101,13.3,2,0,0,0,0,0.5,0,0,0,0
41.3,d_19221201,58.7,7.4,0,0,0,0,0,0,0,0,0
17.5,d_19230101,82.5,56.7,0.2,0,0,0,0,0,0,0,0
22.1,d_19230201,77.9,47.6,0,0,0,0,0,0,0,0,0
13.4,d_19230301,86.5,70.9,0.8,0,0,0,0,0,0,0,0
20.3,d_19230401,79.7,21.6,0,0,0,0,0,0,0,0,0
3.3,d_19230501,96.6,54.3,0,0,0,0,0,0,0,0,0
0,d_19230601,100,97.9,48.5,28.8,0.2,0,0,0,0,0,0
37.1,d_19230701,62.9,23.6,0,0,0,0,0,0,0,0,0
74.6,d_19230801,25.5,5.2,0,0,0,0,0,0,0,0,0
85,d_19230901,12.5,4.9,0.1,0,0,0,2.5,0,0,0,0
86,d_19231001,10.4,4.7,0.1,0,0,0,3.5,0,0,0,0
43.9,d_19231101,4,1.4,0,0,0,0,52.2,12.9,0,0,0
11,d_19231201,0,0,0,0,0,0,88.9,70.2,10.3,0,0
26.4,d_19240101,1.1,0,0,0,0,0,72.5,26.7,0,0,0
58.6,d_19240201,2.8,0.5,0,0,0,0,38.6,5,0,0,0
15.3,d_19240301,0,0,0,0,0,0,84.7,45,0,0,0
33.3,d_19240401,0,0,0,0,0,0,66.7,16.6,0,0,0
60.4,d_19240501,0.1,0,0,0,0,0,39.4,8.8,0,0,0
81.7,d_19240601,0.1,0,0,0,0,0,18.2,0,0,0,0
61.8,d_19240701,0,0,0,0,0,0,38.2,4.4,0,0,0
20.4,d_19240801,79.6,52,1.5,0,0,0,0,0,0,0,0
0,d_19240901,100,100,99.2,90.8,55.3,0,0,0,0,0,0
0,d_19241001,100,100,97.8,88.6,48.5,0,0,0,0,0,0
0,d_19241101,100.1,100.1,94.6,81.4,37.8,0,0,0,0,0,0
0,d_19241201,100,100,100,99.1,77.7,0,0,0,0,0,0
0,d_19250101,100,100,100,100,97.7,0,0,0,0,0,0
0,d_19250201,100,100,100,100,99.9,0,0,0,0,0,0
0,d_19250301,100,100,100,100,100,0,0,0,0,0,0
0,d_19250401,100,100,100,100,100,0,0,0,0,0,0
0,d_19250501,100,100,100,100,100,0,0,0,0,0,0
0,d_19250601,100.1,99.5,57.3,28,0.5,0,0,0,0,0,0
16,d_19250701,83.9,52.6,20.8,4.7,0,0,0,0,0,0,0
7,d_19250801,93.1,59.8,28.6,13.6,0,0,0,0,0,0,0
1.6,d_19250901,98.4,67.6,32.9,8.4,0,0,0,0,0,0,0
58.4,d_19251001,41.6,24.8,0,0,0,0,0,0,0,0,0
82.1,d_19251101,17.9,4.9,0,0,0,0,0,0,0,0,0
89.5,d_19251201,10.5,0,0,0,0,0,0,0,0,0,0
96.2,d_19260101,3.8,0,0,0,0,0,0,0,0,0,0
87.8,d_19260201,12.2,0,0,0,0,0,0,0,0,0,0
82.8,d_19260301,0,0,0,0,0,0,17.2,0.8,0,0,0
9.8,d_19260401,0,0,0,0,0,0,90.2,8.9,0,0,0
0,d_19260501,0,0,0,0,0,0,100,97.8,0,0,0
0,d_19260601,0,0,0,0,0,0,100.1,99.5,3.2,0,0
5.9,d_19260701,0,0,0,0,0,0,94.1,33.4,0,0,0
82.9,d_19260801,0,0,0,0,0,0,17.1,1.9,0,0,0
0,d_19260901,0,0,0,0,0,0,100.1,100.1,82.3,55.3,13.2
0,d_19261001,0,0,0,0,0,0,100,100,90.4,59.6,17
0,d_19261101,0,0,0,0,0,0,99.9,99.7,79,41.4,7.5
0,d_19261201,0,0,0,0,0,0,99.9,69.8,26.3,1.2,0
55.2,d_19270101,0,0,0,0,0,0,44.8,8.4,0,0,0
84.5,d_19270201,0,0,0,0,0,0,15.5,0.2,0,0,0
58.4,d_19270301,0,0,0,0,0,0,41.6,3.3,0,0,0
46.1,d_19270401,0,0,0,0,0,0,54,20.3,0,0,0
3.6,d_19270501,0,0,0,0,0,0,96.4,67.7,7.7,0,0
100,d_19270601,0,0,0,0,0,0,0,0,0,0,0
91.5,d_19270701,0,0,0,0,0,0,8.5,0,0,0,0
55.7,d_19270801,0,0,0,0,0,0,44.3,10.3,0,0,0
45.6,d_19270901,0,0,0,0,0,0,54.5,29.9,0,0,0
41.7,d_19271001,0,0,0,0,0,0,58.3,42.6,0,0,0
44.8,d_19271101,0,0,0,0,0,0,55.2,36.3,0,0,0
46.8,d_19271201,0,0,0,0,0,0,53.2,26.1,0,0,0
73.8,d_19280101,6.3,0,0,0,0,0,19.8,1.2,0,0,0
56.6,d_19280201,0,0,0,0,0,0,43.4,11.2,0,0,0
84.9,d_19280301,0,0,0,0,0,0,15.1,0,0,0,0
91.6,d_19280401,8.4,0,0,0,0,0,0,0,0,0,0
100,d_19280501,0,0,0,0,0,0,0,0,0,0,0
4.8,d_19280601,95.1,22.1,0,0,0,0,0,0,0,0,0
27.9,d_19280701,72,53.9,9.5,1.1,0,0,0,0,0,0,0
59.9,d_19280801,37.4,4.6,0,0,0,0,2.7,0,0,0,0
16.3,d_19280901,83.6,70.8,8.7,0.9,0,0,0,0,0,0,0
77.5,d_19281001,0.7,0,0,0,0,0,21.7,5.1,0,0,0
67.3,d_19281101,28.8,6.8,0,0,0,0,3.8,0,0,0,0
75.3,d_19281201,24.7,0.8,0,0,0,0,0,0,0,0,0
75,d_19290101,25,2.2,0,0,0,0,0,0,0,0,0
62.7,d_19290201,37.3,11.7,0,0,0,0,0,0,0,0,0
64.9,d_19290301,35.1,10.1,0,0,0,0,0,0,0,0,0
74.3,d_19290401,25.7,8.8,0.1,0,0,0,0,0,0,0,0
51.8,d_19290501,48.2,19,0,0,0,0,0,0,0,0,0
72.6,d_19290601,27.4,7.5,0,0,0,0,0,0,0,0,0
34.6,d_19290701,65.4,36.5,2,0,0,0,0,0,0,0,0
59.4,d_19290801,39.7,17.5,1.1,0,0,0,0.9,0,0,0,0
39.3,d_19290901,0,0,0,0,0,0,60.7,14.7,0,0,0
26.7,d_19291001,0,0,0,0,0,0,73.3,23.5,0,0,0
39,d_19291101,0,0,0,0,0,0,61,9.6,0,0,0
49.1,d_19291201,0,0,0,0,0,0,50.8,5.1,0,0,0
27.6,d_19300101,0,0,0,0,0,0,72.4,11.6,0,0,0
41.8,d_19300201,0,0,0,0,0,0,58.2,3.8,0,0,0
1.6,d_19300301,0,0,0,0,0,0,98.4,74.5,0,0,0
29.9,d_19300401,0,0,0,0,0,0,70.1,7.4,0,0,0
27.4,d_19300501,0,0,0,0,0,0,72.6,11.6,0,0,0
81.7,d_19300601,0,0,0,0,0,0,18.3,0,0,0,0
0,d_19300701,0,0,0,0,0,0,100,98,23.5,2.8,0
0,d_19300801,0,0,0,0,0,0,99.9,99.9,47.4,4.6,0
0,d_19300901,0,0,0,0,0,0,100,100,90.2,15,0
0,d_19301001,0,0,0,0,0,0,100,99.9,31.8,0,0
0,d_19301101,0,0,0,0,0,0,99.9,99.9,89.1,58,0
0,d_19301201,0,0,0,0,0,0,100.1,87.7,4,0,0
3.2,d_19310101,0,0,0,0,0,0,96.8,75.4,0,0,0
0,d_19310201,0,0,0,0,0,0,100,100,86,34,0
0,d_19310301,0,0,0,0,0,0,100,98,38.6,2.5,0
9.6,d_19310401,0,0,0,0,0,0,90.3,55.1,0,0,0
0.5,d_19310501,0,0,0,0,0,0,99.6,80.5,0,0,0
0,d_19310601,0,0,0,0,0,0,100,94.7,14.5,0,0
0.1,d_19310701,0,0,0,0,0,0,100,92.4,14.9,0,0
0,d_19310801,0,0,0,0,0,0,100.1,100.1,92.1,46.9,0.4
0,d_19310901,0,0,0,0,0,0,100,100,98.1,95,71.6
0,d_19311001,0,0,0,0,0,0,100.1,100.1,97.2,93.5,78.3
0,d_19311101,0,0,0,0,0,0,99.9,99.7,85.5,47.4,0.1
0,d_19311201,0,0,0,0,0,0,100,100,84.9,42,0
0,d_19320101,0,0,0,0,0,0,100.1,96.4,54.2,21.6,0
0,d_19320201,0,0,0,0,0,0,100,95.9,55.5,20.9,0
0,d_19320301,0,0,0,0,0,0,100,95.9,35.8,0.8,0
0,d_19320401,0,0,0,0,0,0,100,100,54.1,0.2,0
7,d_19320501,0,0,0,0,0,0,93,46.6,0,0,0
78.2,d_19320601,0,0,0,0,0,0,21.8,0,0,0,0
5,d_19320701,0,0,0,0,0,0,95,89.2,17.5,0.9,0
43.2,d_19320801,0,0,0,0,0,0,56.8,22.7,0,0,0
75.1,d_19320901,0,0,0,0,0,0,24.9,1.6,0,0,0
95.6,d_19321001,4.1,0,0,0,0,0,0.3,0,0,0,0
46.9,d_19321101,53.1,20.9,0,0,0,0,0,0,0,0,0
88.9,d_19321201,11,0,0,0,0,0,0.1,0,0,0,0
87.5,d_19330101,2,0,0,0,0,0,10.4,0.3,0,0,0
65.7,d_19330201,0,0,0,0,0,0,34.3,9.2,0,0,0
78.6,d_19330301,2.5,0,0,0,0,0,19,1.6,0,0,0
40.3,d_19330401,59.2,35.8,0.1,0,0,0,0.6,0,0,0,0
45.5,d_19330501,54.5,16.7,0,0,0,0,0,0,0,0,0
81.9,d_19330601,0.9,0,0,0,0,0,17.2,0.1,0,0,0
79.2,d_19330701,6.4,0,0,0,0,0,14.4,0.3,0,0,0
80.7,d_19330801,17.6,1.9,0,0,0,0,1.7,0,0,0,0
74.5,d_19330901,25.6,11.2,0,0,0,0,0,0,0,0,0
78.5,d_19331001,21.5,2.3,0,0,0,0,0,0,0,0,0
69.2,d_19331101,30.8,3.5,0,0,0,0,0,0,0,0,0
67.5,d_19331201,32.5,4.5,0,0,0,0,0,0,0,0,0
41.7,d_19340101,58.3,14.8,0.1,0,0,0,0,0,0,0,0
52.1,d_19340201,47.9,6.8,0,0,0,0,0,0,0,0,0
16.4,d_19340301,83.5,38.5,1.8,0,0,0,0,0,0,0,0
21.6,d_19340401,78.4,31.3,0,0,0,0,0,0,0,0,0
76.4,d_19340501,23.6,0,0,0,0,0,0,0,0,0,0
8.1,d_19340601,91.9,33.9,0,0,0,0,0,0,0,0,0
0,d_19340701,100,94.8,41.1,3.9,0,0,0,0,0,0,0
13.2,d_19340801,86.8,41.5,0,0,0,0,0,0,0,0,0
42,d_19340901,58.1,9.1,0,0,0,0,0,0,0,0,0
57.1,d_19341001,42.9,3.4,0,0,0,0,0,0,0,0,0
67.4,d_19341101,32.6,1.7,0,0,0,0,0,0,0,0,0
96.4,d_19341201,0,0,0,0,0,0,3.6,0,0,0,0
90.6,d_19350101,1.8,0,0,0,0,0,7.7,0,0,0,0
75.2,d_19350201,0,0,0,0,0,0,24.8,1.8,0,0,0
71.3,d_19350301,0,0,0,0,0,0,28.7,7.1,0,0,0
64.6,d_19350401,0,0,0,0,0,0,35.4,7.7,0,0,0
84.4,d_19350501,0,0,0,0,0,0,15.6,0,0,0,0
79.5,d_19350601,0,0,0,0,0,0,20.5,0,0,0,0
55.7,d_19350701,43.8,14,0,0,0,0,0.4,0,0,0,0
56.1,d_19350801,0,0,0,0,0,0,43.8,29,0,0,0
47.2,d_19350901,34.7,9.6,0,0,0,0,18,1.5,0,0,0
51.4,d_19351001,48.2,25.1,1,0,0,0,0.4,0,0,0,0
53.1,d_19351101,44.2,21.1,0,0,0,0,2.7,0,0,0,0
59.3,d_19351201,34.5,7.9,0,0,0,0,6.2,0,0,0,0
65.9,d_19360101,22.8,8.5,0,0,0,0,11.3,0,0,0,0
61.6,d_19360201,27.6,10.9,0,0,0,0,10.8,0,0,0,0
60.2,d_19360301,32.8,11.4,0,0,0,0,7,0,0,0,0
55,d_19360401,0,0,0,0,0,0,45,14.9,0,0,0
63.6,d_19360501,36.3,6.3,0,0,0,0,0,0,0,0,0
68,d_19360601,32,17.4,0,0,0,0,0,0,0,0,0
61,d_19360701,39,18.6,6.1,0,0,0,0,0,0,0,0
11,d_19360801,89,70.7,37.4,21.8,11,0,0,0,0,0,0
19.7,d_19360901,80.3,60.6,28.8,19.9,11.2,0,0,0,0,0,0
9.3,d_19361001,90.8,78.8,32.7,20.7,10.4,0,0,0,0,0,0
31.4,d_19361101,68.6,41.7,17.5,8.9,0.1,0,0,0,0,0,0
46.1,d_19361201,53.9,30.9,9,1.6,0,0,0,0,0,0,0
56.6,d_19370101,43.5,21.4,4.7,0.8,0,0,0,0,0,0,0
60.9,d_19370201,39,19.7,6.2,1.1,0,0,0,0,0,0,0
74.6,d_19370301,25.3,15.3,4.3,0.9,0,0,0.1,0,0,0,0
80,d_19370401,14.3,4.3,0,0,0,0,5.6,0,0,0,0
63.5,d_19370501,0.8,0,0,0,0,0,35.6,12.9,0,0,0
96.1,d_19370601,1.8,0,0,0,0,0,2.1,0,0,0,0
91.7,d_19370701,8.2,0.3,0,0,0,0,0,0,0,0,0
78.1,d_19370801,21.9,1.9,0,0,0,0,0,0,0,0,0
90,d_19370901,10,0.2,0,0,0,0,0,0,0,0,0
92.2,d_19371001,0,0,0,0,0,0,7.8,0,0,0,0
99.3,d_19371101,0,0,0,0,0,0,0.7,0,0,0,0
99.2,d_19371201,0,0,0,0,0,0,0.8,0,0,0,0
99,d_19380101,0,0,0,0,0,0,1,0,0,0,0
99.6,d_19380201,0.1,0,0,0,0,0,0.3,0,0,0,0
99.9,d_19380301,0,0,0,0,0,0,0.1,0,0,0,0
76.1,d_19380401,0,0,0,0,0,0,23.9,0,0,0,0
95.9,d_19380501,0.1,0,0,0,0,0,3.9,0,0,0,0
83.1,d_19380601,0,0,0,0,0,0,16.9,0,0,0,0
86.6,d_19380701,13.4,3.7,0,0,0,0,0,0,0,0,0
88.4,d_19380801,11.6,5.1,0,0,0,0,0,0,0,0,0
74.5,d_19380901,18.8,6.7,0,0,0,0,6.7,0,0,0,0
74.8,d_19381001,25.1,13.7,0,0,0,0,0.1,0,0,0,0
58.9,d_19381101,41.2,23.7,3.1,0,0,0,0,0,0,0,0
71.1,d_19381201,28.7,9.7,0,0,0,0,0.2,0,0,0,0
67,d_19390101,33,11.4,0.7,0,0,0,0,0,0,0,0
80.3,d_19390201,19.6,7,0,0,0,0,0.1,0,0,0,0
54.1,d_19390301,45.9,17.8,1.7,0,0,0,0,0,0,0,0
84.3,d_19390401,15.7,4.4,0,0,0,0,0,0,0,0,0
80.2,d_19390501,19.9,0.4,0,0,0,0,0,0,0,0,0
10.6,d_19390601,89.3,13.5,0,0,0,0,0,0,0,0,0
36.5,d_19390701,63.5,18.2,0,0,0,0,0,0,0,0,0
78.3,d_19390801,21.7,10.6,0,0,0,0,0,0,0,0,0
56.7,d_19390901,43.4,23.2,3.2,0,0,0,0,0,0,0,0
82.1,d_19391001,17.8,2,0,0,0,0,0,0,0,0,0
93.1,d_19391101,0.9,0,0,0,0,0,6,0,0,0,0
93.7,d_19391201,0.5,0,0,0,0,0,5.9,0,0,0,0
93.8,d_19400101,5.1,0,0,0,0,0,1.1,0,0,0,0
75.1,d_19400201,0,0,0,0,0,0,24.9,3.5,0,0,0
78.2,d_19400301,0,0,0,0,0,0,21.8,1,0,0,0
73.5,d_19400401,0,0,0,0,0,0,26.4,0.2,0,0,0
46.7,d_19400501,0,0,0,0,0,0,53.3,0,0,0,0
2.2,d_19400601,0,0,0,0,0,0,97.8,61,0,0,0
81.9,d_19400701,0,0,0,0,0,0,18.1,1.2,0,0,0
91.1,d_19400801,0.5,0,0,0,0,0,8.5,0,0,0,0
29.7,d_19400901,0,0,0,0,0,0,70.2,17.8,0,0,0
38.9,d_19401001,0,0,0,0,0,0,61.1,10.1,0,0,0
84.3,d_19401101,0,0,0,0,0,0,15.8,5.5,0,0,0
29.5,d_19401201,0,0,0,0,0,0,70.5,37.3,9.7,1,0
23,d_19410101,0,0,0,0,0,0,77,48.6,13.7,3.6,0
21.6,d_19410201,0,0,0,0,0,0,78.4,52.1,16.2,3.5,0
45.4,d_19410301,0,0,0,0,0,0,54.7,28.6,5.4,0.2,0
0.3,d_19410401,0,0,0,0,0,0,99.6,91.3,28.2,11.5,0.9
0,d_19410501,0,0,0,0,0,0,100,100,27.1,5.5,0
0,d_19410601,0,0,0,0,0,0,100.1,83.6,17.5,4.9,0
17.3,d_19410701,0,0,0,0,0,0,82.7,69.7,18.3,8.4,1
21.9,d_19410801,0,0,0,0,0,0,78.1,66.9,27.9,9.2,0
21.6,d_19410901,0,0,0,0,0,0,78.4,70.3,43.8,26.9,16
30.4,d_19411001,0,0,0,0,0,0,69.6,58.8,27.2,19.7,11.2
28.6,d_19411101,12.4,0,0,0,0,0,58.9,46.5,21.1,13.3,4
30.7,d_19411201,0,0,0,0,0,0,69.3,56.8,17.4,7,0
52.6,d_19420101,7.2,0,0,0,0,0,40.3,19.1,3.4,0.3,0
64.1,d_19420201,0.9,0,0,0,0,0,35,16.8,1,0,0
69.2,d_19420301,1.1,0,0,0,0,0,29.7,12.2,0.2,0,0
18,d_19420401,0,0,0,0,0,0,82,34.7,1.5,0,0
17.8,d_19420501,0,0,0,0,0,0,82.2,19.8,0,0,0
100,d_19420601,0,0,0,0,0,0,0,0,0,0,0
76.1,d_19420701,23.9,3,0,0,0,0,0,0,0,0,0
69.6,d_19420801,30.4,3.2,0,0,0,0,0,0,0,0,0
18.7,d_19420901,81.3,49.1,3.1,0,0,0,0,0,0,0,0
39.3,d_19421001,60.7,35.8,0.6,0,0,0,0,0,0,0,0
17.6,d_19421101,82.4,65.8,23.9,2.3,0,0,0,0,0,0,0
30.9,d_19421201,69.1,47,10.7,0,0,0,0,0,0,0,0
19.7,d_19430101,80.3,55.6,25,15.1,0,0,0,0,0,0,0
11.8,d_19430201,88.1,67.9,31.1,18.4,1.8,0,0,0,0,0,0
43,d_19430301,57,41.8,19.8,12.6,0,0,0,0,0,0,0
63.5,d_19430401,36.6,23.4,2.2,0,0,0,0,0,0,0,0
57.4,d_19430501,42.6,14.8,0,0,0,0,0,0,0,0,0
83.8,d_19430601,16.2,0,0,0,0,0,0,0,0,0,0
37.1,d_19430701,63,40.4,7.6,0.2,0,0,0,0,0,0,0
78.3,d_19430801,10.5,5.5,0.1,0,0,0,11.1,0,0,0,0
60,d_19430901,8.3,3.6,0,0,0,0,31.7,0,0,0,0
78.7,d_19431001,14.5,4.5,0,0,0,0,6.8,0,0,0,0
71.1,d_19431101,13.3,4.8,0,0,0,0,15.6,0,0,0,0
77.6,d_19431201,22.4,13.4,0.4,0,0,0,0,0,0,0,0
71.8,d_19440101,21.5,12.2,0,0,0,0,6.7,0,0,0,0
73.3,d_19440201,21.7,10.7,0,0,0,0,5,0,0,0,0
72.2,d_19440301,23.1,15.1,0,0,0,0,4.8,0,0,0,0
66.6,d_19440401,7.3,0,0,0,0,0,26.1,0,0,0,0
83,d_19440501,16.9,3.6,0,0,0,0,0,0,0,0,0
47.3,d_19440601,52.7,15.1,0,0,0,0,0,0,0,0,0
17.7,d_19440701,82.3,26.3,4.2,0,0,0,0,0,0,0,0
74,d_19440801,25.9,16,2.7,0,0,0,0,0,0,0,0
88.6,d_19440901,11.3,2.1,0,0,0,0,0,0,0,0,0
67.1,d_19441001,3.4,0,0,0,0,0,29.5,0,0,0,0
47.2,d_19441101,0,0,0,0,0,0,52.8,11.2,0,0,0
74.6,d_19441201,0,0,0,0,0,0,25.4,0.7,0,0,0
80.9,d_19450101,0,0,0,0,0,0,19.1,0,0,0,0
98.4,d_19450201,0,0,0,0,0,0,1.6,0,0,0,0
85.3,d_19450301,0,0,0,0,0,0,14.7,0,0,0,0
56.1,d_19450401,0,0,0,0,0,0,44,2.6,0,0,0
81.5,d_19450501,0,0,0,0,0,0,18.5,0,0,0,0
98,d_19450601,0,0,0,0,0,0,2,0,0,0,0
87,d_19450701,13,0,0,0,0,0,0,0,0,0,0
34.8,d_19450801,65.2,31.5,0,0,0,0,0,0,0,0,0
5.3,d_19450901,94.7,85.7,42.2,14.9,0.9,0,0,0,0,0,0
25.9,d_19451001,74.1,40,13.2,2.6,0,0,0,0,0,0,0
28.2,d_19451101,71.8,40.2,12.9,2.3,0,0,0,0,0,0,0
0,d_19451201,100,93.8,24.4,5.6,0,0,0,0,0,0,0
46.6,d_19460101,53.4,21.4,0,0,0,0,0,0,0,0,0
28.9,d_19460201,71.1,36.7,2.6,0,0,0,0,0,0,0,0
36.6,d_19460301,63.4,31.1,1.8,0,0,0,0,0,0,0,0
40.9,d_19460401,59.2,37.4,7.5,0,0,0,0,0,0,0,0
41.4,d_19460501,58.6,47,0,0,0,0,0,0,0,0,0
54.6,d_19460601,45.4,18.3,0,0,0,0,0,0,0,0,0
4.5,d_19460701,95.5,67.6,16,0.1,0,0,0,0,0,0,0
58.5,d_19460801,41.4,24.2,0.3,0,0,0,0,0,0,0,0
88,d_19460901,11.5,4,0,0,0,0,0.5,0,0,0,0
60.1,d_19461001,39.9,16.7,8.6,3.6,0,0,0,0,0,0,0
81.4,d_19461101,18.6,9.1,0.6,0,0,0,0,0,0,0,0
77.3,d_19461201,22.7,9.2,0.5,0,0,0,0,0,0,0,0
65.6,d_19470101,34.5,10.9,0,0,0,0,0,0,0,0,0
58.4,d_19470201,41.6,20.6,2,0,0,0,0,0,0,0,0
54.1,d_19470301,45.8,23.2,5.8,0.1,0,0,0,0,0,0,0
68.8,d_19470401,31.2,8.3,0,0,0,0,0,0,0,0,0
57,d_19470501,43.1,14.5,0,0,0,0,0,0,0,0,0
15,d_19470601,84.9,40.8,0.1,0,0,0,0,0,0,0,0
0,d_19470701,100,98.8,83.2,65.3,5.6,0,0,0,0,0,0
0.3,d_19470801,99.7,95.8,81.1,55.8,8.7,0,0,0,0,0,0
0,d_19470901,100,99.7,91.3,77.7,46.4,0,0,0,0,0,0
0,d_19471001,100,100,97,81.9,55.8,0,0,0,0,0,0
0,d_19471101,100,96.3,70.7,50.8,10.4,0,0,0,0,0,0
0,d_19471201,100.1,98.9,66.9,31.2,4.9,0,0,0,0,0,0
0,d_19480101,100,100,86.1,58.4,11.4,0,0,0,0,0,0
0.5,d_19480201,99.5,94.3,57.8,26.3,5.1,0,0,0,0,0,0
0,d_19480301,100,100,69.3,34.4,6.8,0,0,0,0,0,0
2.4,d_19480401,97.6,70.7,12.9,0.8,0,0,0,0,0,0,0
0.6,d_19480501,99.3,93,18,0,0,0,0,0,0,0,0
0,d_19480601,100,97.3,11.9,0,0,0,0,0,0,0,0
17.6,d_19480701,82.4,60.5,16.2,0,0,0,0,0,0,0,0
0.3,d_19480801,99.7,85.2,48.3,22.3,0,0,0,0,0,0,0
1.8,d_19480901,98.2,71.3,42.6,18.2,0,0,0,0,0,0,0
29.4,d_19481001,70.6,46.7,6.3,0,0,0,0,0,0,0,0
0.1,d_19481101,100,86.7,53,29.2,3.8,0,0,0,0,0,0
26.5,d_19481201,73.6,50.8,0.6,0,0,0,0,0,0,0,0
94.3,d_19490101,4.4,0.2,0,0,0,0,1.4,0,0,0,0
70.6,d_19490201,5.8,0.8,0,0,0,0,23.6,0.8,0,0,0
72.8,d_19490301,6.8,1.3,0,0,0,0,20.4,0.2,0,0,0
84.5,d_19490401,0,0,0,0,0,0,15.5,0.1,0,0,0
58.5,d_19490501,0,0,0,0,0,0,41.5,8.7,0,0,0
29.3,d_19490601,0,0,0,0,0,0,70.8,37.8,1.9,0,0
11,d_19490701,0,0,0,0,0,0,89,78.2,33.5,3.7,0
15,d_19490801,0,0,0,0,0,0,85,71.6,19.6,0,0
13.6,d_19490901,0,0,0,0,0,0,86.4,76,34.7,2.8,0
50.9,d_19491001,5.6,1.5,0,0,0,0,43.6,8.7,0,0,0
88.3,d_19491101,8,0.3,0,0,0,0,3.6,0,0,0,0
85.1,d_19491201,0,0,0,0,0,0,14.9,0.3,0,0,0
94.5,d_19500101,2.3,0,0,0,0,0,3.2,0,0,0,0
94.9,d_19500201,1.5,0,0,0,0,0,3.6,0,0,0,0
92,d_19500301,8,0,0,0,0,0,0,0,0,0,0
20.7,d_19500401,79.3,22.5,0,0,0,0,0,0,0,0,0
74.1,d_19500501,25.9,4.1,0,0,0,0,0,0,0,0,0
57.2,d_19500601,42.8,18.8,0,0,0,0,0,0,0,0,0
50.2,d_19500701,1.3,0,0,0,0,0,48.5,18.5,1.1,0,0
60.3,d_19500801,29.3,18.2,0,0,0,0,10.4,1.1,0,0,0
23.5,d_19500901,74.2,52.4,20.1,9,0,0,2.2,0.2,0,0,0
21,d_19501001,78,62.9,23.1,9.5,0,0,1,0,0,0,0
17.5,d_19501101,82.3,76.6,42.5,20.6,3.3,0,0.2,0,0,0,0
13.4,d_19501201,86.6,80.5,53.8,25.3,3.8,0,0,0,0,0,0
17.8,d_19510101,82.3,73.9,29,12.6,0,0,0,0,0,0,0
15.3,d_19510201,84.8,76.5,30.9,12.2,0,0,0,0,0,0,0
7.8,d_19510301,92.3,84.9,51.5,16.2,1.5,0,0,0,0,0,0
0,d_19510401,100,100,81.6,66.5,24.1,0,0,0,0,0,0
1.9,d_19510501,98.1,74.2,18.8,6,0,0,0,0,0,0,0
7.9,d_19510601,92.1,62.7,16.5,0,0,0,0,0,0,0,0
2.7,d_19510701,97.2,71.4,28.1,1.7,0,0,0,0,0,0,0
34.9,d_19510801,65.1,41.1,0,0,0,0,0,0,0,0,0
28,d_19510901,70.2,48.8,0.5,0,0,0,1.8,0,0,0,0
36.5,d_19511001,53.4,26.7,0,0,0,0,10.1,2.2,0,0,0
58.9,d_19511101,29.3,0,0,0,0,0,11.8,4.8,0,0,0
77.8,d_19511201,10.5,0,0,0,0,0,11.7,5.2,0,0,0
24,d_19520101,71,41.8,0,0,0,0,5,3.3,0,0,0
19.5,d_19520201,76.4,58.1,0,0,0,0,4.1,0,0,0,0
74.1,d_19520301,19.8,0,0,0,0,0,6.1,4.6,0,0,0
82.9,d_19520401,0,0,0,0,0,0,17,6.1,0.4,0,0
89.6,d_19520501,0,0,0,0,0,0,10.4,1.9,0,0,0
0,d_19520601,0,0,0,0,0,0,100,97.6,0,0,0
43.6,d_19520701,0,0,0,0,0,0,56.4,11.2,0,0,0
50.2,d_19520801,0,0,0,0,0,0,49.7,2.8,0,0,0
94.8,d_19520901,3,0,0,0,0,0,2.1,0,0,0,0
89.5,d_19521001,10.2,0.4,0,0,0,0,0.2,0,0,0,0
55.5,d_19521101,0.3,0,0,0,0,0,44.1,4.5,0,0,0
95.2,d_19521201,4.8,0,0,0,0,0,0,0,0,0,0
22.8,d_19530101,77.1,39.2,2.9,0,0,0,0,0,0,0,0
43.8,d_19530201,56.1,21.3,0,0,0,0,0,0,0,0,0
16,d_19530301,84.1,49,8.2,0,0,0,0,0,0,0,0
32,d_19530401,68.1,9.2,0,0,0,0,0,0,0,0,0
30.3,d_19530501,69.7,13.2,0,0,0,0,0,0,0,0,0
60.7,d_19530601,39.3,3.7,0,0,0,0,0,0,0,0,0
68.7,d_19530701,2,0,0,0,0,0,29.3,0.5,0,0,0
21.2,d_19530801,78.8,44,24.4,13.8,3.9,0,0,0,0,0,0
0,d_19530901,100,97.9,47.1,31.4,21.7,0,0,0,0,0,0
0.2,d_19531001,99.7,89,37.9,28.2,15.8,0,0,0,0,0,0
0,d_19531101,100.1,100.1,83,42.1,25.5,0,0,0,0,0,0
0,d_19531201,100,100,100,96.5,43.7,0,0,0,0,0,0
0,d_19540101,100,100,99.8,84.4,39.3,0,0,0,0,0,0
0,d_19540201,100,100,100,85.8,39.2,0,0,0,0,0,0
0,d_19540301,100,99.2,88,56.4,23,0,0,0,0,0,0
0,d_19540401,100,100,100,97.7,91.1,0,0,0,0,0,0
0,d_19540501,100,98.8,75.2,37.6,2.2,0,0,0,0,0,0
25.2,d_19540601,74.8,41,8.9,1.9,0,0,0,0,0,0,0
65.5,d_19540701,28.2,7.3,0,0,0,0,6.4,3.9,0,0,0
47.5,d_19540801,0,0,0,0,0,0,52.4,15.7,0,0,0
24.7,d_19540901,0,0,0,0,0,0,75.3,35.9,5,0,0
26.8,d_19541001,0,0,0,0,0,0,73.1,28.4,0.7,0,0
34,d_19541101,0,0,0,0,0,0,66,19,0,0,0
99.5,d_19541201,0.1,0,0,0,0,0,0.4,0,0,0,0
75,d_19550101,0,0,0,0,0,0,25,0,0,0,0
100,d_19550201,0,0,0,0,0,0,0,0,0,0,0
96.9,d_19550301,3.1,0,0,0,0,0,0,0,0,0,0
69.3,d_19550401,30.6,17.6,2.9,0,0,0,0,0,0,0,0
0.1,d_19550501,99.9,74.9,22.5,6.6,0,0,0,0,0,0,0
10.1,d_19550601,89.9,71.9,38.1,9.3,0,0,0,0,0,0,0
66.6,d_19550701,14.5,2.4,0,0,0,0,19,8.8,0.7,0,0
44.4,d_19550801,3.9,0,0,0,0,0,51.7,38.4,18.1,4.7,0
41.2,d_19550901,8,1.1,0,0,0,0,50.8,37.9,15.2,4.4,0
46.4,d_19551001,23.9,12.7,0.3,0,0,0,29.7,18.1,1,0,0
46.6,d_19551101,23.3,12.5,0,0,0,0,30.1,16.7,0.5,0,0
49.8,d_19551201,30.9,19.2,2.2,0,0,0,19.3,4.9,0,0,0
49.8,d_19560101,31.5,19.5,1.3,0,0,0,18.7,4.7,0,0,0
55,d_19560201,33.6,21.1,2.2,0,0,0,11.5,2.3,0,0,0
49.2,d_19560301,45.1,27.7,4.4,0.4,0,0,5.7,0,0,0,0
1.3,d_19560401,98.7,84.6,33.5,10.5,0,0,0,0,0,0,0
0,d_19560501,100,100,100,98.9,56.8,0,0,0,0,0,0
0,d_19560601,100,100,94.1,37.1,4.7,0,0,0,0,0,0
7.1,d_19560701,92.9,67.9,40,25.9,10.7,0,0,0,0,0,0
0,d_19560801,99.9,99.8,72.7,47.8,22.6,0,0,0,0,0,0
0,d_19560901,100.1,100.1,95.8,79.1,51.2,0,0,0,0,0,0
0,d_19561001,99.9,99.9,97.9,83.2,56.6,0,0,0,0,0,0
0,d_19561101,99.9,99.9,98.2,86,64.2,0,0,0,0,0,0
0,d_19561201,99.9,99.9,97.1,80.6,52.7,0,0,0,0,0,0
0,d_19570101,100,98.7,70.1,38.5,18.6,0,0,0,0,0,0
0,d_19570201,100.1,100,75.2,41.8,21.9,0,0,0,0,0,0
0.1,d_19570301,99.9,96.8,58.4,31.7,4.8,0,0,0,0,0,0
0,d_19570401,100,100,92.1,31.5,0,0,0,0,0,0,0
0.9,d_19570501,99.2,72.9,2.8,0,0,0,0,0,0,0,0
75.6,d_19570601,24.4,8.7,0,0,0,0,0,0,0,0,0
67.6,d_19570701,32.4,4.2,0,0,0,0,0,0,0,0,0
67.6,d_19570801,0,0,0,0,0,0,32.5,16.7,4,0,0
67.2,d_19570901,5.2,0.1,0,0,0,0,27.5,15.1,1.5,0,0
60.8,d_19571001,4.9,0.2,0,0,0,0,34.3,21.3,1.8,0,0
58.7,d_19571101,2.4,0,0,0,0,0,38.9,24.6,5.5,0,0
62.9,d_19571201,17.2,2.9,0,0,0,0,20,10.1,0,0,0
56.5,d_19580101,32.8,12,1.3,0,0,0,10.7,1.7,0,0,0
70.9,d_19580201,17.6,4,0,0,0,0,11.5,0.6,0,0,0
61.1,d_19580301,0,0,0,0,0,0,39,23,0.4,0,0
36.3,d_19580401,0,0,0,0,0,0,63.7,25.2,0,0,0
92.3,d_19580501,0,0,0,0,0,0,7.7,0,0,0,0
16.9,d_19580601,0,0,0,0,0,0,83.2,24.4,0,0,0
64.3,d_19580701,0,0,0,0,0,0,35.7,12.7,0,0,0
11.6,d_19580801,0,0,0,0,0,0,88.4,43.1,6.8,0,0
0,d_19580901,0,0,0,0,0,0,100,100,88,50.7,9.1
0,d_19581001,0,0,0,0,0,0,100,100,97.7,87.3,40.7
0,d_19581101,0,0,0,0,0,0,100,99.5,87.8,57.4,5.1
25.5,d_19581201,0,0,0,0,0,0,74.6,32.1,1.4,0,0
82.3,d_19590101,2.1,0,0,0,0,0,15.6,6.4,0,0,0
83.6,d_19590201,1.8,0,0,0,0,0,14.5,4.6,0,0,0
83,d_19590301,8.5,1.2,0,0,0,0,8.3,1.6,0,0,0
84,d_19590401,12.9,2.3,0,0,0,0,3.1,0.5,0,0,0
73.2,d_19590501,25.8,14.1,0.6,0,0,0,1.1,0,0,0,0
0,d_19590601,99.9,87.9,17.2,1.7,0,0,0,0,0,0,0
11.7,d_19590701,88.3,61.1,20.7,0.7,0,0,0,0,0,0,0
83.3,d_19590801,6.2,1.8,0,0,0,0,10.5,2.5,0,0,0
84.4,d_19590901,9.2,3.2,0,0,0,0,6.4,0.8,0,0,0
34.2,d_19591001,0,0,0,0,0,0,65.7,21.6,0,0,0
24.5,d_19591101,0,0,0,0,0,0,75.5,40.5,2.7,0,0
3.5,d_19591201,0,0,0,0,0,0,96.5,70.2,12.7,0.6,0
0,d_19600101,0,0,0,0,0,0,100,97.7,45.6,23.8,1
0,d_19600201,0,0,0,0,0,0,99.9,93,35.2,12.9,0
5.2,d_19600301,0,0,0,0,0,0,94.8,68.4,21.9,4.1,0
31.1,d_19600401,0,0,0,0,0,0,69,41.7,15.9,1.6,0
85.4,d_19600501,0,0,0,0,0,0,14.6,0.1,0,0,0
52.9,d_19600601,0,0,0,0,0,0,47.1,15.9,0,0,0
72.6,d_19600701,2.4,0,0,0,0,0,25,12.6,0,0,0
45.8,d_19600801,43.7,11.3,0.8,0,0,0,10.5,5.1,0,0,0
20.5,d_19600901,72.7,40.4,8.7,0,0,0,6.8,3,0,0,0
17.9,d_19601001,82.1,67.4,26.7,11.7,0,0,0,0,0,0,0
13.2,d_19601101,86.8,72.2,33.7,16,1.8,0,0,0,0,0,0
16.8,d_19601201,83,61.6,20.8,6.2,0,0,0.2,0,0,0,0
31.5,d_19610101,68.1,38.3,7.5,0.7,0,0,0.5,0,0,0,0
21.6,d_19610201,78.5,57.7,14.2,2.5,0,0,0,0,0,0,0
21.9,d_19610301,78.1,59.5,16.4,3.6,0,0,0,0,0,0,0
13.3,d_19610401,86.7,65,13.7,1,0,0,0,0,0,0,0
25.6,d_19610501,74.4,45.4,0.3,0,0,0,0,0,0,0,0
26.2,d_19610601,73.8,52.8,0,0,0,0,0,0,0,0,0
7.7,d_19610701,92.3,74.6,41,21.6,0.7,0,0,0,0,0,0
44,d_19610801,52.4,32.2,0,0,0,0,3.6,0,0,0,0
46.4,d_19610901,50,27.6,0,0,0,0,3.6,0,0,0,0
74.7,d_19611001,24,0.1,0,0,0,0,1.3,0,0,0,0
75.3,d_19611101,0.3,0,0,0,0,0,24.3,6.2,0,0,0
41.6,d_19611201,0,0,0,0,0,0,58.4,33,0,0,0
5.3,d_19620101,0,0,0,0,0,0,94.7,59.9,18.9,0,0
27.9,d_19620201,0,0,0,0,0,0,72.1,46.6,3.7,0,0
31,d_19620301,0,0,0,0,0,0,69,40.1,0.8,0,0
11.4,d_19620401,0,0,0,0,0,0,88.6,35.4,0,0,0
38.6,d_19620501,0,0,0,0,0,0,61.4,3,0,0,0
18.3,d_19620601,0,0,0,0,0,0,81.6,5.8,0,0,0
40.6,d_19620701,0,0,0,0,0,0,59.4,29.9,4.4,0,0
59.7,d_19620801,40.1,26.3,1,0,0,0,0.2,0,0,0,0
40.9,d_19620901,59.1,39.8,9.9,0.4,0,0,0,0,0,0,0
1.7,d_19621001,98.3,82.6,50.1,30.1,7.4,0,0,0,0,0,0
15,d_19621101,85,64.4,30.6,10.6,0.1,0,0,0,0,0,0
36.6,d_19621201,63.4,43.8,8.1,2,0,0,0,0,0,0,0
35.4,d_19630101,64.7,43.8,9.6,2,0,0,0,0,0,0,0
40.1,d_19630201,59.9,37.2,8.6,0.8,0,0,0,0,0,0,0
35.4,d_19630301,64.6,46.3,12.4,2,0,0,0,0,0,0,0
14.7,d_19630401,85.3,69.3,15.7,0,0,0,0,0,0,0,0
91,d_19630501,9,0,0,0,0,0,0,0,0,0,0
38.1,d_19630601,61.9,34,0,0,0,0,0,0,0,0,0
44.3,d_19630701,55.7,2.6,0,0,0,0,0,0,0,0,0
64.5,d_19630801,7.8,0,0,0,0,0,27.6,9.9,0,0,0
59.9,d_19630901,20.5,0.6,0,0,0,0,19.7,0.9,0,0,0
58.4,d_19631001,15.3,0,0,0,0,0,26.3,10.2,0,0,0
64.6,d_19631101,0,0,0,0,0,0,35.4,9.6,0,0,0
77.6,d_19631201,1.6,0,0,0,0,0,20.8,0.2,0,0,0
91.5,d_19640101,4,1.8,0,0,0,0,4.5,0,0,0,0
87.6,d_19640201,12,3.4,0,0,0,0,0.4,0,0,0,0
93,d_19640301,5,2.6,0,0,0,0,2,0,0,0,0
93.8,d_19640401,1.1,0,0,0,0,0,5.1,0,0,0,0
30.8,d_19640501,69.3,3.2,0,0,0,0,0,0,0,0,0
0.3,d_19640601,99.6,76.7,0,0,0,0,0,0,0,0,0
71.2,d_19640701,28.7,9.6,0,0,0,0,0.1,0,0,0,0
36.8,d_19640801,62.5,25.5,1.1,0,0,0,0.8,0,0,0,0
43.6,d_19640901,0,0,0,0,0,0,56.5,24.2,3.9,1,0
22.1,d_19641001,0,0,0,0,0,0,77.9,36.5,8.3,0.7,0
3.5,d_19641101,0,0,0,0,0,0,96.6,66.6,14.6,5.2,0
28.4,d_19641201,0,0,0,0,0,0,71.6,31,5,0.1,0
24.5,d_19650101,0,0,0,0,0,0,75.5,30.4,2.2,0,0
38,d_19650201,0,0,0,0,0,0,61.9,19.9,0,0,0
33.6,d_19650301,0,0,0,0,0,0,66.4,21.7,0.2,0,0
86.6,d_19650401,0,0,0,0,0,0,13.3,3.5,0,0,0
86.2,d_19650501,0,0,0,0,0,0,13.8,2.9,0,0,0
17.4,d_19650601,82.6,21.5,0,0,0,0,0,0,0,0,0
75.2,d_19650701,24.5,2.7,0,0,0,0,0.3,0,0,0,0
51.6,d_19650801,48.3,13.9,0,0,0,0,0,0,0,0,0
76.4,d_19650901,14.8,6.1,0.1,0,0,0,8.8,1.1,0,0,0
34.5,d_19651001,65.5,20.5,0.3,0,0,0,0,0,0,0,0
49.2,d_19651101,50.7,9.8,0,0,0,0,0.1,0,0,0,0
14.6,d_19651201,0,0,0,0,0,0,85.4,54.9,13.7,3,0
8.5,d_19660101,0,0,0,0,0,0,91.4,57.6,10.5,1.5,0
2.3,d_19660201,0,0,0,0,0,0,97.7,64.6,19.8,2.9,0
19,d_19660301,0,0,0,0,0,0,81,49.3,4.3,0.1,0
43.6,d_19660401,0,0,0,0,0,0,56.5,25.6,0,0,0
18.1,d_19660501,0,0,0,0,0,0,81.9,51.8,1.2,0,0
6.8,d_19660601,0,0,0,0,0,0,93.2,47,3.7,0,0
0,d_19660701,0,0,0,0,0,0,100.1,100.1,48.5,13.6,0.1
0,d_19660801,0,0,0,0,0,0,100,100,97.5,72.8,43.3
13.4,d_19660901,0,0,0,0,0,0,86.6,79.3,54.1,37,16.3
20.9,d_19661001,0.6,0,0,0,0,0,78.5,62.4,36.3,22.7,7.9
29.3,d_19661101,2.5,0.2,0,0,0,0,68.2,52.2,24.2,12.1,2.8
35.5,d_19661201,1.8,0.2,0,0,0,0,62.6,42.9,15.8,6.2,0.3
46.6,d_19670101,9,2.4,0,0,0,0,44.4,28.9,7.1,2,0
53.2,d_19670201,10.1,2.8,0,0,0,0,36.6,21.1,3.9,0.3,0
57.8,d_19670301,15.9,8.9,0,0,0,0,26.3,12.6,1.6,0,0
68,d_19670401,18.6,4.8,0,0,0,0,13.5,4.9,0,0,0
28,d_19670501,72,32.9,1.4,0,0,0,0,0,0,0,0
0,d_19670601,100,100,69.3,39.8,1.9,0,0,0,0,0,0
53.3,d_19670701,46.7,17.1,0.5,0,0,0,0,0,0,0,0
65.9,d_19670801,32.9,8,0.3,0,0,0,1.1,0,0,0,0
62.9,d_19670901,0.4,0,0,0,0,0,36.6,18.4,3.3,0,0
35.4,d_19671001,0,0,0,0,0,0,64.6,25.1,4.5,0.7,0
16.7,d_19671101,0,0,0,0,0,0,83.2,35.7,5.4,1.7,0
0,d_19671201,0,0,0,0,0,0,99.9,99.9,97.4,76.8,17.1
0,d_19680101,0,0,0,0,0,0,100,100,93,45.7,5.9
0,d_19680201,0,0,0,0,0,0,100,100,96.5,53,7.2
0,d_19680301,0,0,0,0,0,0,100.1,100.1,98.9,78.1,10.4
0,d_19680401,0,0,0,0,0,0,100,100,78.4,25.2,0
0,d_19680501,0,0,0,0,0,0,100.1,100.1,95,10.9,0
0,d_19680601,0,0,0,0,0,0,100,100,15.1,0,0
0,d_19680701,0,0,0,0,0,0,100,100,51.2,11.6,0
0,d_19680801,0,0,0,0,0,0,100.1,100.1,81.1,32.7,0
97,d_19680901,1.1,0,0,0,0,0,1.9,0.4,0,0,0
85.8,d_19681001,13.8,0.7,0,0,0,0,0.5,0,0,0,0
52.8,d_19681101,46.8,14.7,1.5,0,0,0,0.4,0,0,0,0
12,d_19681201,88,56.4,5.1,0.3,0,0,0,0,0,0,0
7.4,d_19690101,92.6,66.9,7.9,1.2,0,0,0,0,0,0,0
6.9,d_19690201,93.1,62.1,5.1,0.2,0,0,0,0,0,0,0
8,d_19690301,92.1,56.7,2.9,0,0,0,0,0,0,0,0
7.9,d_19690401,92.1,69.9,6.8,0,0,0,0,0,0,0,0
0,d_19690501,100,95.7,0.3,0,0,0,0,0,0,0,0
0.1,d_19690601,99.9,86.2,0,0,0,0,0,0,0,0,0
56.7,d_19690701,43.4,4.9,0,0,0,0,0,0,0,0,0
51.6,d_19690801,48.5,20.8,2.7,0.5,0,0,0,0,0,0,0
41.6,d_19690901,58.3,26.6,4.9,2.1,0,0,0,0,0,0,0
39.1,d_19691001,61,33.6,5.9,3.7,0.7,0,0,0,0,0,0
44.3,d_19691101,55.6,25.5,5,2.4,0,0,0,0,0,0,0
61,d_19691201,38.9,9.7,3.6,1,0,0,0,0,0,0,0
36.4,d_19700101,63.7,28.3,5.3,2.3,0,0,0,0,0,0,0
16.4,d_19700201,83.6,47.4,6.7,3.9,0.8,0,0,0,0,0,0
60.6,d_19700301,39.5,10.2,0.8,0,0,0,0,0,0,0,0
34.7,d_19700401,65.4,19.2,0,0,0,0,0,0,0,0,0
28.5,d_19700501,71.5,22.6,0.5,0,0,0,0,0,0,0,0
31.6,d_19700601,68.3,35.9,0.2,0,0,0,0,0,0,0,0
30.1,d_19700701,69.9,55.3,16.2,0,0,0,0,0,0,0,0
55.1,d_19700801,38.4,21.2,1.1,0,0,0,6.4,2.4,0,0,0
49.3,d_19700901,39.1,23.5,6.6,0.3,0,0,11.4,6.3,0,0,0
56.9,d_19701001,27.1,13,0.1,0,0,0,16,10,2.3,0,0
51,d_19701101,36,19,2,0,0,0,12.9,8.3,0.7,0,0
38.2,d_19701201,56.5,37.1,11.6,3.1,0,0,5.3,0.7,0,0,0
18.9,d_19710101,79.5,52.1,24.6,12.8,1.7,0,1.6,0,0,0,0
18.8,d_19710201,80.6,55.9,23.2,10.8,0,0,0.7,0,0,0,0
12.4,d_19710301,87.6,68.1,30.9,16.9,3.4,0,0,0,0,0,0
34.8,d_19710401,65.3,47.7,13.4,3.3,0,0,0,0,0,0,0
0,d_19710501,100,99.4,50.2,12.2,0,0,0,0,0,0,0
0,d_19710601,100,100,98.8,87,35.7,0,0,0,0,0,0
0,d_19710701,100,96.1,70.7,39.1,12.7,0,0,0,0,0,0
74.2,d_19710801,25.8,8.4,0,0,0,0,0,0,0,0,0
91.9,d_19710901,7.3,0.7,0,0,0,0,0.8,0,0,0,0
27.1,d_19711001,0,0,0,0,0,0,72.9,34.9,0,0,0
27.8,d_19711101,0,0,0,0,0,0,72.3,33.9,0,0,0
1.2,d_19711201,0,0,0,0,0,0,98.8,82.3,25.3,0,0
20.4,d_19720101,0,0,0,0,0,0,79.6,38.6,0,0,0
52.3,d_19720201,0,0,0,0,0,0,47.6,17.9,0,0,0
62.1,d_19720301,0,0,0,0,0,0,37.9,11.2,0,0,0
82.6,d_19720401,0,0,0,0,0,0,17.4,0,0,0,0
98.7,d_19720501,1.3,0,0,0,0,0,0,0,0,0,0
88,d_19720601,0,0,0,0,0,0,12,0.7,0,0,0
35.5,d_19720701,64.6,22.4,0,0,0,0,0,0,0,0,0
53.2,d_19720801,44.1,23.4,0,0,0,0,2.8,0,0,0,0
42.3,d_19720901,57.7,37,13.2,1.5,0,0,0.1,0,0,0,0
22.4,d_19721001,0,0,0,0,0,0,77.6,49.7,17.3,5.1,0
3.2,d_19721101,0,0,0,0,0,0,96.9,80.9,30.4,14,0
2.7,d_19721201,0,0,0,0,0,0,97.3,81,26.8,5.8,0
3.9,d_19730101,0,0,0,0,0,0,96.1,77,24.3,5.9,0
0,d_19730201,0,0,0,0,0,0,100.1,88.4,37.8,16.6,1.3
0,d_19730301,0,0,0,0,0,0,100,98.2,42.8,8.8,1
0,d_19730401,0,0,0,0,0,0,100,100,42.9,7.1,0.6
0,d_19730501,0,0,0,0,0,0,100,100,70.1,9,0
0,d_19730601,0,0,0,0,0,0,100,100,82.2,21.5,0.6
21.6,d_19730701,0,0,0,0,0,0,78.4,20,0,0,0
88.7,d_19730801,10.8,1.8,0,0,0,0,0.5,0,0,0,0
49.8,d_19730901,50.2,18.2,0,0,0,0,0,0,0,0,0
22.5,d_19731001,77.6,42.6,3.9,0,0,0,0,0,0,0,0
0.3,d_19731101,99.7,95.6,43.8,16.9,3.9,0,0,0,0,0,0
0,d_19731201,100,100,100,99,87.5,0,0,0,0,0,0
0,d_19740101,99.9,99.9,98.5,91.1,32.9,0,0,0,0,0,0
0,d_19740201,100,100,100,99.5,83.2,0,0,0,0,0,0
0,d_19740301,100,100,100,100,88.8,0,0,0,0,0,0
0,d_19740401,100,100,100,100,100,0,0,0,0,0,0
0,d_19740501,100,100,100,100,78.3,0,0,0,0,0,0
0,d_19740601,100,100,100,93.5,45.8,0,0,0,0,0,0
37.9,d_19740701,62.1,38.8,11.5,1.4,0,0,0.1,0,0,0,0
38,d_19740801,62,42,10.3,0,0,0,0,0,0,0,0
68.8,d_19740901,22.7,4.4,0,0,0,0,8.6,3.6,0,0,0
62.6,d_19741001,1.7,0.1,0,0,0,0,35.6,7.7,1.9,0,0
52.9,d_19741101,0,0,0,0,0,0,47,12.4,3.9,0,0
79,d_19741201,0,0,0,0,0,0,21,5.8,0,0,0
78.7,d_19750101,0,0,0,0,0,0,21.3,5,0,0,0
92.3,d_19750201,0.5,0,0,0,0,0,7.2,3.2,0,0,0
78.2,d_19750301,0,0,0,0,0,0,21.8,4.1,0,0,0
91.8,d_19750401,4.7,0,0,0,0,0,3.5,0,0,0,0
98.7,d_19750501,0,0,0,0,0,0,1.3,0,0,0,0
69.9,d_19750601,30.1,0,0,0,0,0,0,0,0,0,0
41,d_19750701,59,18.3,0.3,0,0,0,0,0,0,0,0
0.6,d_19750801,99.5,92.6,55.6,22.4,1.2,0,0,0,0,0,0
68.2,d_19750901,30.4,11.8,0.1,0,0,0,1.4,0,0,0,0
55.1,d_19751001,44.9,25.8,1.6,0,0,0,0,0,0,0,0
76.2,d_19751101,23.5,5.9,0,0,0,0,0.3,0,0,0,0
54.7,d_19751201,45.3,12.3,0,0,0,0,0,0,0,0,0
28.2,d_19760101,71.8,37.3,5.1,0,0,0,0,0,0,0,0
55,d_19760201,44.9,14.8,0,0,0,0,0,0,0,0,0
56.3,d_19760301,43.7,11.7,0,0,0,0,0,0,0,0,0
19.6,d_19760401,80.5,28.5,0,0,0,0,0,0,0,0,0
98.5,d_19760501,0,0,0,0,0,0,1.5,0,0,0,0
32.1,d_19760601,67.9,20.9,0,0,0,0,0,0,0,0,0
85.3,d_19760701,0,0,0,0,0,0,14.5,9.5,3.2,0.8,0
25.8,d_19760801,66.1,33,0,0,0,0,8.2,6.1,2.3,0.7,0
63.3,d_19760901,24.7,4,0,0,0,0,11.8,8.7,4.6,2.5,0.2
75.5,d_19761001,1.9,0,0,0,0,0,22.6,12.1,6,3.7,0.7
77,d_19761101,8.5,0.1,0,0,0,0,14.5,9.8,5.2,3.1,0.2
76.3,d_19761201,11.9,0.1,0,0,0,0,11.7,8.1,3.8,1.5,0
83.6,d_19770101,2.7,0,0,0,0,0,13.6,9.4,4.7,2.4,0
76.3,d_19770201,15.1,2.3,0,0,0,0,8.6,5.6,2.2,0.1,0
72.9,d_19770301,18.7,2.7,0,0,0,0,8.4,5.4,1.6,0,0
33.1,d_19770401,66.9,11.6,2,0,0,0,0,0,0,0,0
91.5,d_19770501,8.5,0,0,0,0,0,0,0,0,0,0
85.7,d_19770601,14.2,7,0,0,0,0,0,0,0,0,0
74.1,d_19770701,23,7.9,0,0,0,0,2.9,0,0,0,0
87.1,d_19770801,0,0,0,0,0,12.9,0,0,0,0,0
33.7,d_19770901,1.9,0,0,0,0,0,64.4,31,0,0,0
14.2,d_19771001,2.5,0,0,0,0,0,83.3,58.2,25.4,9.6,0
10.6,d_19771101,0,0,0,0,0,0,89.4,71.7,31.8,15.9,0
8.4,d_19771201,0,0,0,0,0,0,91.7,76.5,28.7,7.2,0
0,d_19780101,0,0,0,0,0,0,100,95.1,65.2,38.2,0.9
0,d_19780201,0,0,0,0,0,0,100.1,100.1,91.3,55.3,14.2
0,d_19780301,0,0,0,0,0,0,100.1,100.1,91.2,63.4,14.8
0.4,d_19780401,0,0,0,0,0,0,99.5,95.4,65.4,36.3,0
0,d_19780501,0,0,0,0,0,0,100.1,97.9,72.2,40.4,0
0,d_19780601,0,0,0,0,0,0,100,98,67.6,41.3,0
30.3,d_19780701,0,0,0,0,0,0,69.7,32.5,0,0,0
66.1,d_19780801,0,0,0,0,0,0,33.8,13,0,0,0
82.7,d_19780901,0.9,0,0,0,0,0,16.3,5.7,0,0,0
77.7,d_19781001,15.7,1.3,0,0,0,0,6.6,0,0,0,0
73.7,d_19781101,14.7,2.1,0,0,0,0,11.6,0.4,0,0,0
45.7,d_19781201,0,0,0,0,0,0,54.3,25.9,0.5,0,0
2.4,d_19790101,0,0,0,0,0,0,97.5,68.8,29.2,9.7,0
11.4,d_19790201,0,0,0,0,0,0,88.6,55.4,8.9,0,0
4.2,d_19790301,0,0,0,0,0,0,95.8,61.6,10,0.3,0
0.5,d_19790401,0,0,0,0,0,0,99.5,87.6,11.1,0,0
0,d_19790501,0,0,0,0,0,0,100,100,72.5,19.3,0
0,d_19790601,0,0,0,0,0,0,100.1,100.1,100.1,87.3,20.8
0,d_19790701,0,0,0,0,0,0,100,100,78.5,13.7,0
12.7,d_19790801,0,0,0,0,0,0,87.4,64.2,16.5,5.2,0
68.3,d_19790901,26.8,7.8,0,0,0,0,5,0,0,0,0
7.3,d_19791001,92.7,87.8,59.9,18.1,7.8,0,0,0,0,0,0
5.7,d_19791101,94.2,89.2,64.4,23.9,7.8,0,0,0,0,0,0
1.5,d_19791201,98.6,90.9,65.2,27.8,11.9,0,0,0,0,0,0
2.6,d_19800101,97.4,89,52.8,23.2,10.4,0,0,0,0,0,0
25.2,d_19800201,74.6,45.8,15.1,10.4,1.4,0,0,0,0,0,0
14.9,d_19800301,85.1,66.8,19.3,11.4,1.3,0,0,0,0,0,0
31.7,d_19800401,68.3,40.1,12.1,3.5,0,0,0,0,0,0,0
27.6,d_19800501,72.4,27.7,0,0,0,0,0,0,0,0,0
72.3,d_19800601,27.7,6.2,0,0,0,0,0,0,0,0,0
28.3,d_19800701,71.6,17.3,2.8,0,0,0,0,0,0,0,0
25.9,d_19800801,71,38.1,7.3,1.8,0,0,3.1,0,0,0,0
30.6,d_19800901,63.3,31.7,9.1,4,0.1,0,6.2,0.7,0,0,0
24.9,d_19801001,74.4,52,11.6,6.1,1.1,0,0.8,0,0,0,0
0,d_19801101,100,93.8,77.8,58.8,14,0,0,0,0,0,0
0,d_19801201,100,100,83.3,67.5,19,0,0,0,0,0,0
0,d_19810101,100.1,97.2,73.2,31.2,5.6,0,0,0,0,0,0
0,d_19810201,100,93.1,53.9,12.2,3.2,0,0,0,0,0,0
12.2,d_19810301,87.7,60.4,7.9,2.8,0,0,0,0,0,0,0
60.6,d_19810401,39.3,7.1,0,0,0,0,0,0,0,0,0
84,d_19810501,16.1,0.6,0,0,0,0,0,0,0,0,0
87.3,d_19810601,0,0,0,0,0,0,12.7,0,0,0,0
21.3,d_19810701,0,0,0,0,0,0,78.7,36.6,0,0,0
68.3,d_19810801,5,0,0,0,0,0,26.7,3.6,0,0,0
53.8,d_19810901,4.2,0,0,0,0,0,42,28.1,0.1,0,0
57.3,d_19811001,7.5,2.1,0,0,0,0,35.1,12,0,0,0
54.8,d_19811101,8.6,2.3,0,0,0,0,36.6,17.6,0,0,0
47.7,d_19811201,51.5,24.1,4.9,0,0,0,0.8,0,0,0,0
50.2,d_19820101,40,11.8,0,0,0,0,9.8,0.5,0,0,0
41.7,d_19820201,48.7,25.8,0,0,0,0,9.6,0.4,0,0,0
40.4,d_19820301,58.7,42.1,7,0,0,0,0.8,0,0,0,0
16.3,d_19820401,83.7,67,32.4,6,0,0,0,0,0,0,0
84.3,d_19820501,15.7,0,0,0,0,0,0,0,0,0,0
65.2,d_19820601,34.8,3.7,0,0,0,0,0,0,0,0,0
44.8,d_19820701,55.2,39.4,13.7,0,0,0,0,0,0,0,0
19.1,d_19820801,80.9,54.8,18.6,0.1,0,0,0,0,0,0,0
52,d_19820901,36.7,12.8,0,0,0,0,11.3,6.1,0,0,0
25,d_19821001,74.5,53.2,5.7,0,0,0,0.5,0,0,0,0
64.9,d_19821101,27.4,0.2,0,0,0,0,7.7,0.8,0,0,0
60.5,d_19821201,0,0,0,0,0,0,39.5,8.3,0,0,0
15.5,d_19830101,0,0,0,0,0,0,84.4,30.7,0.3,0,0
18.3,d_19830201,0,0,0,0,0,0,81.6,26,0,0,0
0,d_19830301,0,0,0,0,0,0,100,95.9,23.4,2.6,0
0,d_19830401,0,0,0,0,0,0,100,100,51.2,16.2,0.1
0,d_19830501,0,0,0,0,0,0,100.1,100.1,97.5,21.2,0.1
0,d_19830601,0,0,0,0,0,0,100.1,100.1,62.5,4.6,0
0,d_19830701,0,0,0,0,0,0,100,100,92.7,69.7,1.1
0,d_19830801,0,0,0,0,0,0,100,97.1,36.5,3,0
0,d_19830901,0,0,0,0,0,0,100,100,95.8,71.3,18.4
0,d_19831001,0,0,0,0,0,0,100,100,100,92.4,56.7
0,d_19831101,0,0,0,0,0,0,100,100,100,96,66.2
0,d_19831201,0,0,0,0,0,0,100,99.7,72,49.2,17
0,d_19840101,0,0,0,0,0,0,99.9,99.9,79.3,53.8,16.4
0,d_19840201,0,0,0,0,0,0,100,98.4,59.6,33.5,6.4
0,d_19840301,0,0,0,0,0,0,100,96.2,52.5,16.6,0.7
0,d_19840401,0,0,0,0,0,0,100,98.5,54.1,17.7,3.9
0,d_19840501,0,0,0,0,0,0,100,100,91.4,54.6,5
0.2,d_19840601,0,0,0,0,0,0,99.7,92.3,3.1,0,0
15.4,d_19840701,0,0,0,0,0,0,84.6,36.4,2,0,0
47.9,d_19840801,0,0,0,0,0,0,52.1,24.1,10.5,4.4,0.2
41,d_19840901,0,0,0,0,0,0,59,38.4,10.9,4.7,0.2
29.6,d_19841001,0,0,0,0,0,0,70.3,47.8,14.5,8.8,2.1
13.5,d_19841101,0,0,0,0,0,0,86.4,69.7,28.5,12.2,3.7
0,d_19841201,0,0,0,0,0,0,99.9,99.9,83.3,67.6,38.2
0,d_19850101,0,0,0,0,0,0,100,100,87.4,70.3,45.4
0,d_19850201,0,0,0,0,0,0,100.1,100.1,89.5,69.7,39.1
0,d_19850301,0,0,0,0,0,0,100,100,74.6,59.5,9.6
0,d_19850401,0,0,0,0,0,0,100,100,82.6,38.5,6
0,d_19850501,0,0,0,0,0,0,100.1,100.1,68.4,16.8,0
0,d_19850601,0,0,0,0,0,0,100,100,91.9,53.9,0
0,d_19850701,0,0,0,0,0,0,100,100,50.3,0.6,0
0,d_19850801,0,0,0,0,0,0,100,95.6,14.7,0.1,0
11.7,d_19850901,0,0,0,0,0,0,88.3,69.6,13.7,0,0
0.5,d_19851001,0,0,0,0,0,0,99.5,85.1,66.1,36.8,6.9
0.5,d_19851101,0,0,0,0,0,0,99.6,93.4,67.6,35.7,6.1
1.7,d_19851201,0,0,0,0,0,0,98.3,81.9,29.1,6,0
42.9,d_19860101,0,0,0,0,0,0,57.2,21.1,0,0,0
15.4,d_19860201,0,0,0,0,0,0,84.6,37.9,5.2,0,0
1,d_19860301,0,0,0,0,0,0,98.9,59.4,12.5,0,0
4.9,d_19860401,0,0,0,0,0,0,95.1,74.8,10,0,0
0,d_19860501,0,0,0,0,0,0,100,95.5,35,0,0
0,d_19860601,0,0,0,0,0,0,100,72,0.1,0,0
79.4,d_19860701,5.8,0.6,0,0,0,0,14.8,0,0,0,0
18.3,d_19860801,0,0,0,0,0,0,81.6,43.2,9.4,0.8,0
9,d_19860901,0,0,0,0,0,0,90.9,55.3,17,3.5,0
0,d_19861001,0,0,0,0,0,0,100,93.4,44,17.2,0
3.3,d_19861101,0,0,0,0,0,0,96.7,84.3,37.7,14,0
0,d_19861201,0,0,0,0,0,0,99.9,93.9,55.1,17.2,0.4
2.5,d_19870101,0,0,0,0,0,0,97.5,90.5,34.6,10.3,0
1.2,d_19870201,0,0,0,0,0,0,98.8,91.9,37.9,9.9,0
5,d_19870301,0,0,0,0,0,0,94.9,87.6,12.7,0.4,0
0,d_19870401,0,0,0,0,0,0,100,98.8,43.6,8,0
0,d_19870501,0,0,0,0,0,0,99.9,73,11.7,0,0
0,d_19870601,0,0,0,0,0,0,100.1,100.1,36.6,12.6,0
11.2,d_19870701,0,0,0,0,0,0,89,56.7,14.2,1.2,0
1,d_19870801,0,0,0,0,0,0,99,75.8,20.7,9.8,0
43.3,d_19870901,0,0,0,0,0,0,56.7,28.6,0.6,0,0
33.5,d_19871001,0,0,0,0,0,0,66.4,33.2,1.9,0,0
68.6,d_19871101,0,0,0,0,0,0,31.3,5.1,0,0,0
6.7,d_19871201,0,0,0,0,0,0,93.2,53.2,5.8,0,0
44.5,d_19880101,0,0,0,0,0,0,55.5,21.3,0,0,0
71.5,d_19880201,0.1,0,0,0,0,0,28.5,0.5,0,0,0
90.1,d_19880301,1.8,0,0,0,0,0,8.1,0,0,0,0
34.5,d_19880401,0,0,0,0,0,0,65.5,27.3,0.1,0,0
70.2,d_19880501,0,0,0,0,0,0,29.8,3.6,0,0,0
79.7,d_19880601,0,0,0,0,0,0,20.3,0,0,0,0
39.3,d_19880701,0,0,0,0,0,0,60.7,13.2,0,0,0
6.5,d_19880801,0,0,0,0,0,0,93.5,89.2,70.7,32.6,0.3
14,d_19880901,0.8,0,0,0,0,0,85.2,77,41.4,14.6,0
5.2,d_19881001,0,0,0,0,0,0,94.8,92.2,81.9,67.5,18.5
4.5,d_19881101,0,0,0,0,0,0,95.4,92.5,81.3,64.4,16.2
5.9,d_19881201,0,0,0,0,0,0,94.1,89.6,70.8,44.4,0.4
7.7,d_19890101,0,0,0,0,0,0,92.4,84.3,52,7.7,0
12.5,d_19890201,0,0,0,0,0,0,87.4,76.9,26,0.8,0
14.8,d_19890301,0,0,0,0,0,0,85.2,74.4,24.1,2.8,0
21.9,d_19890401,0,0,0,0,0,0,78.2,59,6.9,0.7,0
74.1,d_19890501,0,0,0,0,0,0,25.9,3.3,0,0,0
100,d_19890601,0,0,0,0,0,0,0,0,0,0,0
16.3,d_19890701,83.7,36.2,6.8,3.9,0,0,0,0,0,0,0
19.8,d_19890801,80.3,68,29.6,9.1,3.2,0,0,0,0,0,0
11.9,d_19890901,88.2,74.6,40.5,20.6,5.1,0,0,0,0,0,0
18.2,d_19891001,81.8,51.9,9.1,3.4,0.8,0,0,0,0,0,0
16.8,d_19891101,83.1,52.5,6.4,2.5,0.1,0,0,0,0,0,0
6.4,d_19891201,93.7,71.3,11.8,3.6,0.5,0,0,0,0,0,0
6.5,d_19900101,93.4,70.2,7.8,3.4,0.1,0,0,0,0,0,0
8,d_19900201,92.1,71.6,8.8,3,0,0,0,0,0,0,0
12,d_19900301,88,57.8,6,2.2,0,0,0,0,0,0,0
5.2,d_19900401,94.8,76.1,0,0,0,0,0,0,0,0,0
37.9,d_19900501,62.1,41,4.2,0,0,0,0,0,0,0,0
54.4,d_19900601,45.6,30.2,0,0,0,0,0,0,0,0,0
94.9,d_19900701,3.3,0,0,0,0,0,1.8,0,0,0,0
77.6,d_19900801,0,0,0,0,0,0,22.3,3.6,0,0,0
29.7,d_19900901,0,0,0,0,0,0,70.4,37.2,5.7,0,0
17.1,d_19901001,0,0,0,0,0,0,82.9,42,10.4,0,0
2.4,d_19901101,0,0,0,0,0,0,97.6,75.7,23.1,5.7,0
0,d_19901201,0,0,0,0,0,0,100,85.4,44.3,10.7,0
0,d_19910101,0,0,0,0,0,0,100,97.4,57.5,19.8,0
0,d_19910201,0,0,0,0,0,0,99.9,99.9,73.1,38.4,0
0,d_19910301,0,0,0,0,0,0,100.1,100.1,86.8,59.2,0
0,d_19910401,0,0,0,0,0,0,100,91.9,24.3,1.7,0
0,d_19910501,0,0,0,0,0,0,100,94.6,23.1,9.6,0
0,d_19910601,0,0,0,0,0,0,99.9,89.7,19.3,1.4,0
24.9,d_19910701,0,0,0,0,0,0,75.1,52.8,20.5,9.3,0
33.7,d_19910801,0,0,0,0,0,0,66.2,49.1,5.7,0,0
43.2,d_19910901,0.1,0,0,0,0,0,56.8,42.3,14.6,1.9,0
57.3,d_19911001,8.4,0,0,0,0,0,34.3,18.6,0,0,0
50.8,d_19911101,29.6,15.4,0,0,0,0,19.7,1.8,0,0,0
35.4,d_19911201,9.3,1.5,0,0,0,0,55.3,39.1,11.3,0.1,0
29.3,d_19920101,1.7,0,0,0,0,0,69,51.5,21.9,1.4,0
26.3,d_19920201,0,0,0,0,0,0,73.8,60.6,22.3,3.4,0
9.9,d_19920301,0,0,0,0,0,0,90.1,80.1,49.2,12.6,0
0,d_19920401,0,0,0,0,0,0,100,95.2,69.9,20.2,0.9
0,d_19920501,0,0,0,0,0,0,100,100,91,64.6,5.3
0,d_19920601,0,0,0,0,0,0,99.9,99.9,98.7,72,18.2
0,d_19920701,0,0,0,0,0,0,99.9,99.9,99.5,88.8,50.5
0,d_19920801,0,0,0,0,0,0,100,100,100,100,77.6
0.9,d_19920901,0,0,0,0,0,0,99.1,92.8,44.7,16.8,0.1
8,d_19921001,0,0,0,0,0,0,92.1,61.5,21.7,7.3,0
32.1,d_19921101,0,0,0,0,0,0,67.9,24.9,0.3,0,0
46.5,d_19921201,0,0,0,0,0,0,53.5,24.9,2.1,0,0
0,d_19930101,0,0,0,0,0,0,100,98.9,75.7,41.3,15.4
0.9,d_19930201,0,0,0,0,0,0,99.1,90.8,50.2,25.2,5.8
0.8,d_19930301,0,0,0,0,0,0,99.2,91.3,53.6,20.9,4.9
2.7,d_19930401,0,0,0,0,0,0,97.3,85.2,44.6,13.2,5
0.3,d_19930501,0,0,0,0,0,0,99.7,93.9,39,7.4,0
0,d_19930601,0,0,0,0,0,0,100,99.1,70.6,38.7,1.1
1,d_19930701,0,0,0,0,0,0,99,95.6,45.9,24,0.1
0,d_19930801,0,0,0,0,0,0,100.1,100.1,99.5,83.1,39.7
0.4,d_19930901,0,0,0,0,0,0,99.7,95.5,40.8,10.8,0
76.1,d_19931001,23.8,0.8,0,0,0,0,0.1,0,0,0,0
68.6,d_19931101,31.4,8,0,0,0,0,0,0,0,0,0
46,d_19931201,54,24.9,0,0,0,0,0,0,0,0,0
30.3,d_19940101,69.7,36.1,0.9,0,0,0,0,0,0,0,0
8.9,d_19940201,91.1,51.3,5,0,0,0,0,0,0,0,0
41.4,d_19940301,58.6,16.7,0,0,0,0,0,0,0,0,0
80.5,d_19940401,19.5,0.1,0,0,0,0,0,0,0,0,0
11.1,d_19940501,88.9,42.2,0,0,0,0,0,0,0,0,0
57.4,d_19940601,42.6,4,0,0,0,0,0,0,0,0,0
7.5,d_19940701,92.5,70.8,7.6,0,0,0,0,0,0,0,0
0,d_19940801,99.9,87.8,61.2,29.9,0,0,0,0,0,0,0
17.5,d_19940901,82.4,68.3,9.1,0,0,0,0,0,0,0,0
26,d_19941001,73.9,50.5,0.2,0,0,0,0,0,0,0,0
76.5,d_19941101,0.2,0,0,0,0,0,23.3,8,0,0,0
1.9,d_19941201,0,0,0,0,0,0,98.1,71.7,17,2,0
0.3,d_19950101,0,0,0,0,0,0,99.7,81.7,23.1,11.1,0.5
0,d_19950201,0,0,0,0,0,0,100.1,95.1,35.3,12.9,1.9
0,d_19950301,0,0,0,0,0,0,99.9,94.7,26.5,7.4,0
0,d_19950401,0,0,0,0,0,0,100,100,70.1,23.4,0
0,d_19950501,0,0,0,0,0,0,100.1,100.1,97,58.6,0
0,d_19950601,0,0,0,0,0,0,100,100,98.4,40.8,0
0,d_19950701,0,0,0,0,0,0,100,98.8,84.3,36.2,0.1
2.2,d_19950801,0,0,0,0,0,0,97.8,66.8,5.7,0,0
71.7,d_19950901,7.7,0,0,0,0,0,20.5,5,0,0,0
92.5,d_19951001,7.5,0,0,0,0,0,0,0,0,0,0
38.8,d_19951101,61.1,8.2,0,0,0,0,0,0,0,0,0
15.2,d_19951201,84.8,44.3,0.7,0,0,0,0,0,0,0,0
2.3,d_19960101,97.7,79.5,14.6,0.8,0,0,0,0,0,0,0
4.9,d_19960201,95.1,60.1,10.3,0.1,0,0,0,0,0,0,0
2.9,d_19960301,97,61.3,11.1,0.3,0,0,0,0,0,0,0
44.2,d_19960401,55.9,32.9,10.3,0.8,0,0,0,0,0,0,0
0.1,d_19960501,99.9,72.7,4.7,0,0,0,0,0,0,0,0
2.2,d_19960601,97.9,46.2,0,0,0,0,0,0,0,0,0
54.5,d_19960701,45.5,13.3,0,0,0,0,0,0,0,0,0
41.3,d_19960801,55.4,28.2,14,2.6,0,0,3.3,0,0,0,0
53,d_19960901,22.9,15.2,5.7,0.2,0,0,24.1,7.7,0,0,0
44.7,d_19961001,14,7.5,0,0,0,0,41.3,26.8,6.2,0,0
45.9,d_19961101,16.6,10.6,0.3,0,0,0,37.5,22.9,1.2,0,0
51.5,d_19961201,20.8,13.1,0.6,0,0,0,27.7,15.2,0,0,0
51.5,d_19970101,11.2,2.1,0,0,0,0,37.3,23.4,0.9,0,0
47.7,d_19970201,9.9,1.9,0,0,0,0,42.3,26,5.1,0,0
53.4,d_19970301,26.7,10.4,0,0,0,0,20,8.2,0,0,0
61.6,d_19970401,28,11.5,0,0,0,0,10.4,0.9,0,0,0
88.5,d_19970501,1.5,0,0,0,0,0,10,0.4,0,0,0
64.1,d_19970601,34.8,9.2,0,0,0,0,1.1,0,0,0,0
12.8,d_19970701,87.2,64.1,32.8,22.5,6.8,0,0,0,0,0,0
39.3,d_19970801,60.7,37.5,19.3,9.4,1.5,0,0,0,0,0,0
64.7,d_19970901,28.4,20.9,7.4,1.8,0,0,6.9,0,0,0,0
70.2,d_19971001,29.4,19.8,4.9,0,0,0,0.5,0,0,0,0
73.2,d_19971101,26.8,16.6,3.2,0,0,0,0,0,0,0,0
41.1,d_19971201,0,0,0,0,0,0,58.8,20.5,0,0,0
68,d_19980101,7,0.3,0,0,0,0,25,0.7,0,0,0
38.4,d_19980201,0,0,0,0,0,0,61.6,15,0,0,0
23.4,d_19980301,0,0,0,0,0,0,76.6,61.6,0.1,0,0
0,d_19980401,0,0,0,0,0,0,100,86.2,27.5,0.1,0
0,d_19980501,0,0,0,0,0,0,100,91.4,11,0,0
0,d_19980601,0,0,0,0,0,0,100,86.7,8.3,0,0
0.7,d_19980701,0,0,0,0,0,0,99.3,86.1,45.8,5.5,0
23.1,d_19980801,0,0,0,0,0,0,76.9,56.9,9.4,6.1,1
59.4,d_19980901,31.3,19.1,2,0,0,0,9.4,7.3,4,0.9,0
74.9,d_19981001,13.9,4.7,0,0,0,0,11.3,7.9,4.6,2.3,0
42.5,d_19981101,54.4,22.4,2,0,0,0,3,0.3,0,0,0
7.6,d_19981201,92.4,82.7,20.1,3.3,0,0,0,0,0,0,0
4.8,d_19990101,95.2,91.4,50.9,16.1,0,0,0,0,0,0,0
2.2,d_19990201,97.9,94.1,75.6,32.1,0.7,0,0,0,0,0,0
0,d_19990301,100,95.8,80.3,44.6,0.1,0,0,0,0,0,0
0.9,d_19990401,99.2,96,93.1,69.3,7.5,0,0,0,0,0,0
0,d_19990501,100,100,86.9,57.3,0.9,0,0,0,0,0,0
0,d_19990601,100,97.3,74,44.3,0.1,0,0,0,0,0,0
77,d_19990701,12.9,5.8,0.1,0,0,0,10.1,2.6,0,0,0
54.1,d_19990801,3.7,0.3,0,0,0,0,42.1,28.1,5.9,0,0
41.3,d_19990901,0.6,0,0,0,0,0,58.1,45.1,16.2,3.7,0
41.8,d_19991001,0,0,0,0,0,0,58.2,44.5,17.9,5.1,0
40.7,d_19991101,0,0,0,0,0,0,59.3,45.2,20.3,6.1,0
49.7,d_19991201,0,0,0,0,0,0,50.3,30.4,8,0,0
61.9,d_20000101,12.9,0.5,0,0,0,0,25.2,10.5,0,0,0
55.7,d_20000201,25,4.1,0,0,0,0,19.3,5.4,0,0,0
53.2,d_20000301,27.8,4.1,0,0,0,0,19,5.5,0,0,0
15,d_20000401,85,67.2,23.9,7.7,0,0,0,0,0,0,0
0,d_20000501,100,100,100,99.9,52.2,0,0,0,0,0,0
0,d_20000601,100,100,48.3,5.9,0,0,0,0,0,0,0
0,d_20000701,100,100,86.7,46.7,3.3,0,0,0,0,0,0
20.9,d_20000801,79.1,54.6,6.7,0,0,0,0,0,0,0,0
11.7,d_20000901,88.3,58.5,17.7,1.2,0,0,0,0,0,0,0
1.5,d_20001001,0,0,0,0,0,0,98.6,90.5,26.3,0.6,0
0,d_20001101,0,0,0,0,0,0,100.1,100.1,90.4,54.6,0.1
0,d_20001201,0,0,0,0,0,0,100,96.2,47.7,1.4,0
0,d_20010101,0,0,0,0,0,0,100.1,99.6,78.8,15.6,0
0,d_20010201,0,0,0,0,0,0,100.1,97.8,51.3,0,0
15,d_20010301,0,0,0,0,0,0,85,51.3,0,0,0
0.3,d_20010401,0,0,0,0,0,0,99.7,91.8,47.4,0.5,0
0,d_20010501,0,0,0,0,0,0,100.1,92,27.9,0.5,0
0,d_20010601,0,0,0,0,0,0,100,99.9,80.9,48.2,0
81.6,d_20010701,0,0,0,0,0,0,18.4,1.9,0,0,0
60.2,d_20010801,35.3,3.2,0,0,0,0,4.6,0,0,0,0
71,d_20010901,10.3,0,0,0,0,0,18.7,8.8,0,0,0
55.4,d_20011001,37.9,0,0,0,0,0,6.7,2.6,0,0,0
59.5,d_20011101,35.2,0,0,0,0,0,5.3,1.4,0,0,0
62.5,d_20011201,33,0,0,0,0,0,4.6,0.5,0,0,0
27.7,d_20020101,72.3,37.9,0,0,0,0,0,0,0,0,0
18.5,d_20020201,81.5,21.8,0,0,0,0,0,0,0,0,0
7.8,d_20020301,92.2,66.5,0,0,0,0,0,0,0,0,0
9.3,d_20020401,90.7,51.9,3.1,0,0,0,0,0,0,0,0
2.9,d_20020501,97,78.7,11.3,5.1,1.4,0,0,0,0,0,0
0,d_20020601,100.1,100.1,82.5,9.8,4.9,0,0,0,0,0,0
0,d_20020701,99.9,99.9,64.1,26.1,1.3,0,0,0,0,0,0
3.5,d_20020801,96.5,83.2,48.8,24.3,3.3,0,0,0,0,0,0
8.2,d_20020901,91.7,70.1,45.6,21.6,1.6,0,0,0,0,0,0
21,d_20021001,79,61.8,31.8,11,0,0,0,0,0,0,0
4.9,d_20021101,95.2,76.5,44.9,17.3,0,0,0,0,0,0,0
33,d_20021201,67,43.2,4.3,0,0,0,0,0,0,0,0
18.2,d_20030101,81.8,55.9,12.5,0,0,0,0,0,0,0,0
42,d_20030201,58,19.7,0,0,0,0,0,0,0,0,0
51.1,d_20030301,48.9,11,0,0,0,0,0,0,0,0,0
55.1,d_20030401,44.9,12.4,0,0,0,0,0,0,0,0,0
62.4,d_20030501,37.6,1.7,0,0,0,0,0,0,0,0,0
9.8,d_20030601,90.1,16.4,0,0,0,0,0,0,0,0,0
1,d_20030701,99,82,19.5,0,0,0,0,0,0,0,0
0.2,d_20030801,99.9,93.9,62.6,28.4,1.6,0,0,0,0,0,0
0,d_20030901,100,94.5,87.1,76.2,48.4,0,0,0,0,0,0
6.1,d_20031001,94,89.7,71.6,51.4,26.2,0,0,0,0,0,0
0.6,d_20031101,99.5,93.7,77.5,60.2,26.1,0,0,0,0,0,0
0,d_20031201,99.9,95.9,83.2,65.4,25.9,0,0,0,0,0,0
6,d_20040101,93.9,88.5,63.6,23.5,8.7,0,0,0,0,0,0
5.6,d_20040201,94.4,87.8,33,11.2,0.3,0,0,0,0,0,0
23,d_20040301,77,46.1,9,0.4,0,0,0,0,0,0,0
81.4,d_20040401,6.3,0,0,0,0,0,12.3,0,0,0,0
67.6,d_20040501,0,0,0,0,0,0,32.4,7.3,0,0,0
53,d_20040601,0,0,0,0,0,0,47,10,0,0,0
65.3,d_20040701,9.1,1.8,0,0,0,0,25.6,4.5,0,0,0
65.8,d_20040801,22,8.5,0.2,0,0,0,12.2,0,0,0,0
63,d_20040901,3.4,0,0,0,0,0,33.6,17.6,0,0,0
57.6,d_20041001,19.6,2,0,0,0,0,22.7,6.3,0,0,0
65,d_20041101,14.7,0.1,0,0,0,0,20.2,4.5,0,0,0
63.3,d_20041201,36.7,15.8,0,0,0,0,0,0,0,0,0
69,d_20050101,29,15,3.7,0,0,0,2,0,0,0,0
60.6,d_20050201,14.2,7.8,0,0,0,0,25.2,9.1,0,0,0
61.7,d_20050301,14.9,9.1,0,0,0,0,23.3,7.3,0,0,0
51.8,d_20050401,0.3,0,0,0,0,0,47.9,7.8,0,0,0
23.8,d_20050501,0,0,0,0,0,0,76.2,34.5,0,0,0
41.1,d_20050601,0,0,0,0,0,0,58.9,16.7,0,0,0
87.2,d_20050701,0,0,0,0,0,0,12.8,0,0,0,0
72.6,d_20050801,1.1,0,0,0,0,0,26.3,2,0,0,0
73.7,d_20050901,1.8,0,0,0,0,0,24.5,2.2,0,0,0
47.5,d_20051001,52.5,13.7,0,0,0,0,0,0,0,0,0
3.5,d_20051101,96.6,82.8,57.6,10.4,0,0,0,0,0,0,0
1.7,d_20051201,98.3,87.6,64.6,14.1,0,0,0,0,0,0,0
0,d_20060101,100,97.7,78.2,56.7,3.7,0,0,0,0,0,0
0,d_20060201,100,100,94.9,80.2,47.4,0,0,0,0,0,0
0,d_20060301,100,99.5,87.9,73.9,28,0,0,0,0,0,0
0,d_20060401,100,99.1,76.5,19.9,0.3,0,0,0,0,0,0
0,d_20060501,100.1,100.1,97.9,93.7,62,0,0,0,0,0,0
0,d_20060601,100,100,100,99.4,84.9,0,0,0,0,0,0
6.1,d_20060701,93.9,84.9,54.8,23.1,0,0,0,0,0,0,0
28.4,d_20060801,71.6,41.9,0.7,0,0,0,0,0,0,0,0
68.4,d_20060901,13.7,8,0,0,0,0,17.9,2.4,0,0,0
57.5,d_20061001,4.9,0.3,0,0,0,0,37.5,17,0.4,0,0
59.4,d_20061101,3.7,0,0,0,0,0,36.8,17.4,0,0,0
72,d_20061201,4.4,0,0,0,0,0,23.6,5.3,0,0,0
53.6,d_20070101,0,0,0,0,0,0,46.4,16.4,0,0,0
71.4,d_20070201,0,0,0,0,0,0,28.6,5.9,0,0,0
51.8,d_20070301,0,0,0,0,0,0,48.2,13.5,0,0,0
77,d_20070401,5.5,1.7,0,0,0,0,17.5,2.6,0,0,0
85.5,d_20070501,4.2,0.3,0,0,0,0,10.3,0.1,0,0,0
90.4,d_20070601,9.6,1.1,0,0,0,0,0,0,0,0,0
88,d_20070701,3.2,0.4,0,0,0,0,8.9,0,0,0,0
62.1,d_20070801,1.2,0,0,0,0,0,36.7,12.1,0,0,0
35.1,d_20070901,1.3,0,0,0,0,0,63.6,23.8,0,0,0
68.2,d_20071001,11.4,1.3,0,0,0,0,20.4,0.7,0,0,0
54.7,d_20071101,1.7,0,0,0,0,0,43.6,13.9,0,0,0
75.7,d_20071201,0.6,0,0,0,0,0,23.8,3.2,0,0,0
75.4,d_20080101,11.6,0,0,0,0,0,12.9,0.4,0,0,0
81.7,d_20080201,16.6,4.5,0,0,0,0,1.7,0,0,0,0
63.4,d_20080301,36.6,13.8,0,0,0,0,0,0,0,0,0
16.2,d_20080401,83.8,42.8,0,0,0,0,0,0,0,0,0
18.8,d_20080501,81.2,57.7,15.4,0.2,0,0,0,0,0,0,0
21.5,d_20080601,78.5,63.4,35.3,10.7,0,0,0,0,0,0,0
77.9,d_20080701,8.8,3.9,0.8,0,0,0,13.4,0.8,0,0,0
61.2,d_20080801,8,5.2,2.2,0.7,0,0,30.9,10.4,0,0,0
69.8,d_20080901,13.7,6,2.8,1.8,0.3,0,16.5,0.8,0,0,0
72.5,d_20081001,15.1,5,2.3,0.7,0,0,12.4,0.8,0,0,0
62.4,d_20081101,6.9,3.4,0.8,0.1,0,0,30.7,3.5,0,0,0
61.9,d_20081201,5.8,3.3,0.7,0.1,0,0,32.3,2.9,0,0,0
64.4,d_20090101,6.6,3.9,1.2,0.3,0,0,28.9,0,0,0,0
88.1,d_20090201,8.8,4.5,1.8,0.3,0,0,3.1,0,0,0,0
83.6,d_20090301,7.3,3.9,0.9,0.1,0,0,9.2,0,0,0,0
16,d_20090401,84.1,31.8,3.6,0.7,0,0,0,0,0,0,0
2.6,d_20090501,97.4,39.4,3,0,0,0,0,0,0,0,0
59.2,d_20090601,40.8,18.1,0.3,0,0,0,0,0,0,0,0
26.9,d_20090701,73,44.5,15,6.3,0,0,0,0,0,0,0
1.5,d_20090801,98.5,88.5,51.1,25.2,4.2,0,0,0,0,0,0
0.6,d_20090901,99.4,89.2,56.1,31.8,9.1,0,0,0,0,0,0
0,d_20091001,100,95.2,43.8,16.6,2.9,0,0,0,0,0,0
0.3,d_20091101,99.7,67.8,35.3,14.9,2.1,0,0,0,0,0,0
0,d_20091201,100,76.5,37.1,12.8,1.1,0,0,0,0,0,0
66.4,d_20100101,33.5,12.9,0,0,0,0,0,0,0,0,0
80.5,d_20100201,19.5,4.4,0,0,0,0,0,0,0,0,0
66,d_20100301,34,8.7,0,0,0,0,0,0,0,0,0
97.3,d_20100401,2.2,0,0,0,0,0,0.6,0,0,0,0
68.8,d_20100501,0,0,0,0,0,0,31.2,2.8,0,0,0
65.6,d_20100601,0,0,0,0,0,0,34.4,7.9,0,0,0
1.1,d_20100701,0,0,0,0,0,0,98.9,56,0,0,0
3.5,d_20100801,0,0,0,0,0,0,96.6,85.4,18.4,0.5,0
1.4,d_20100901,0,0,0,0,0,0,98.7,91.3,52.4,10,0
39,d_20101001,0,0,0,0,0,0,61,13.7,0,0,0
94,d_20101101,5.8,0,0,0,0,0,0.2,0,0,0,0
87.8,d_20101201,12.2,2.4,0,0,0,0,0,0,0,0,0
53.7,d_20110101,46.3,12.8,0.3,0,0,0,0,0,0,0,0
31.3,d_20110201,68.6,23.2,0.8,0,0,0,0,0,0,0,0
24,d_20110301,76,31.1,1,0,0,0,0,0,0,0,0
0.2,d_20110401,99.8,95.7,25.2,9.4,0,0,0,0,0,0,0
0,d_20110501,99.9,99.9,91.2,72.2,42,0,0,0,0,0,0
0,d_20110601,100,100,100,100,98.8,0,0,0,0,0,0
0,d_20110701,100,99.3,75.4,66.7,43.7,0,0,0,0,0,0
7.8,d_20110801,92.3,82.2,65.4,56.3,34.3,0,0,0,0,0,0
23,d_20110901,77.1,67.4,50.2,32.3,3.8,0,0,0,0,0,0
27.8,d_20111001,72.2,63.5,35,7,0.2,0,0,0,0,0,0
37,d_20111101,60.7,33,6.6,1.3,0,0,2.4,0,0,0,0
78.4,d_20111201,10,3,0,0,0,0,11.6,0.2,0,0,0
73.2,d_20120101,22.6,7.4,0,0,0,0,4.2,0,0,0,0
73.1,d_20120201,26.8,10.1,0,0,0,0,0.1,0,0,0,0
75.7,d_20120301,24.3,7.9,0,0,0,0,0,0,0,0,0
60.2,d_20120401,39.7,6,0,0,0,0,0,0,0,0,0
83.3,d_20120501,16.7,0.1,0,0,0,0,0,0,0,0,0
32.6,d_20120601,67.4,47.2,0,0,0,0,0,0,0,0,0
72.7,d_20120701,27.3,10.9,0.3,0,0,0,0,0,0,0,0
45.6,d_20120801,54.3,36.4,7,2.1,0,0,0,0,0,0,0
32,d_20120901,68,49.9,21.5,8.1,0.2,0,0,0,0,0,0
31.7,d_20121001,68.3,50,20.8,5.2,0.6,0,0,0,0,0,0
31.8,d_20121101,68.3,54.6,21.1,4.2,0,0,0,0,0,0,0
38.9,d_20121201,61.1,41.9,1.4,0,0,0,0,0,0,0,0
37.7,d_20130101,62.3,35.1,1.4,0,0,0,0,0,0,0,0
31.5,d_20130201,68.5,51.2,4.2,0,0,0,0,0,0,0,0
31.6,d_20130301,68.3,49,5.1,0.1,0,0,0,0,0,0,0
0,d_20130401,100,91.1,7.4,2.3,0,0,0,0,0,0,0
0,d_20130501,100,72,3.1,0.4,0,0,0,0,0,0,0
0,d_20130601,100,100,83,9.3,0,0,0,0,0,0,0
63.1,d_20130701,36.9,0.2,0,0,0,0,0,0,0,0,0
81.2,d_20130801,18.7,0.1,0,0,0,0,0,0,0,0,0
92.5,d_20130901,7.5,1,0,0,0,0,0,0,0,0,0
87.5,d_20131001,12.5,1.9,0,0,0,0,0,0,0,0,0
98.5,d_20131101,1.5,0,0,0,0,0,0,0,0,0,0
99.7,d_20131201,0.3,0,0,0,0,0,0,0,0,0,0
78.5,d_20140101,21.5,0.1,0,0,0,0,0,0,0,0,0
44.2,d_20140201,55.8,4.7,0,0,0,0,0,0,0,0,0
80,d_20140301,20,0.6,0,0,0,0,0,0,0,0,0
21.4,d_20140401,78.7,41.7,0.3,0,0,0,0,0,0,0,0
5.4,d_20140501,94.6,66.9,1.3,0,0,0,0,0,0,0,0
0,d_20140601,100.1,100.1,83,55.7,2.3,0,0,0,0,0,0
9,d_20140701,91,56.9,0,0,0,0,0,0,0,0,0
84.8,d_20140801,12.7,1.8,0,0,0,0,2.6,0,0,0,0
9.5,d_20140901,0,0,0,0,0,0,90.5,66.9,21.1,2.3,0
1.7,d_20141001,0,0,0,0,0,0,98.3,93.8,61.6,28.7,0.9
1.3,d_20141101,0,0,0,0,0,0,98.6,94.9,68,31.6,0.2
0.4,d_20141201,0,0,0,0,0,0,99.5,94.9,45.4,10.3,0
0,d_20150101,0,0,0,0,0,0,100,100,78.3,41.5,0
0,d_20150201,0,0,0,0,0,0,100.1,99.8,56.9,24.2,0
0,d_20150301,0,0,0,0,0,0,100,99.2,70.2,42.3,0.3
0,d_20150401,0,0,0,0,0,0,100.1,99.2,57.4,27,0
6.6,d_20150501,0,0,0,0,0,0,93.5,71.5,35.5,4.9,0
41.7,d_20150601,0,0,0,0,0,0,58.4,7.5,0,0,0
51.3,d_20150701,0,0,0,0,0,0,48.7,10.2,0.5,0,0
39.9,d_20150801,0,0,0,0,0,0,60.1,20,0.4,0,0
11.2,d_20150901,0,0,0,0,0,0,88.9,51.4,5.1,0,0
41.3,d_20151001,0,0,0,0,0,0,58.7,24.4,0.8,0.1,0
17.5,d_20151101,0,0,0,0,0,0,82.5,41.2,0.8,0.2,0
68.5,d_20151201,0,0,0,0,0,0,31.6,7.9,0,0,0
63.4,d_20160101,0,0,0,0,0,0,36.5,12.4,0.5,0,0
79.1,d_20160201,0,0,0,0,0,0,20.9,6.5,0,0,0
92.7,d_20160301,0,0,0,0,0,0,7.3,0,0,0,0
84.9,d_20160401,7.4,0,0,0,0,0,7.7,0.2,0,0,0
86.3,d_20160501,8.8,0,0,0,0,0,4.9,0,0,0,0
91.5,d_20160601,8.5,0,0,0,0,0,0,0,0,0,0
83.2,d_20160701,16.8,0,0,0,0,0,0,0,0,0,0
92.9,d_20160801,7.1,1.7,0,0,0,0,0,0,0,0,0
18.2,d_20160901,0,0,0,0,0,0,81.9,38.4,0,0,0
76.2,d_20161001,1.6,0,0,0,0,0,22.2,1.1,0,0,0
60.7,d_20161101,0,0,0,0,0,0,39.3,3.5,0,0,0
13,d_20161201,0,0,0,0,0,0,87,45.6,0,0,0
0.9,d_20170101,0,0,0,0,0,0,99,61.8,0,0,0
4.7,d_20170201,0,0,0,0,0,0,95.3,46.6,0,0,0
60.3,d_20170301,0,0,0,0,0,0,39.7,0,0,0,0
84,d_20170401,0,0,0,0,0,0,16,0,0,0,0
94,d_20170501,0,0,0,0,0,0,6,0,0,0,0
43.6,d_20170601,56.4,1.8,0,0,0,0,0,0,0,0,0
79.9,d_20170701,0,0,0,0,0,0,20,1.9,0,0,0
96.6,d_20170801,0.2,0,0,0,0,0,3.3,0,0,0,0
29.8,d_20170901,70.2,35.3,0.8,0,0,0,0,0,0,0,0
1.1,d_20171001,98.9,91.4,34,6,0,0,0,0,0,0,0
1.1,d_20171101,98.9,92.8,37,7.4,2.1,0,0,0,0,0,0
1.5,d_20171201,98.5,86.7,19,4.2,0,0,0,0,0,0,0
0.1,d_20180101,99.9,95.3,43.8,8.5,0.1,0,0,0,0,0,0
17,d_20180201,83,27.7,0,0,0,0,0,0,0,0,0
12.6,d_20180301,87.4,52.5,1.7,0,0,0,0,0,0,0,0
0,d_20180401,100,100,79.5,9.1,0,0,0,0,0,0,0
0,d_20180501,100,100,64.2,4.1,0,0,0,0,0,0,0
2,d_20180601,98,30.7,0,0,0,0,0,0,0,0,0
28.4,d_20180701,71.6,40.8,0,0,0,0,0,0,0,0,0
37.8,d_20180801,62.1,28.2,0,0,0,0,0,0,0,0,0
70.3,d_20180901,26.3,4,0,0,0,0,3.5,0,0,0,0
3.6,d_20181001,0,0,0,0,0,0,96.3,74.2,13.3,0,0
77.6,d_20181101,0,0,0,0,0,0,22.5,0.8,0,0,0
38.9,d_20181201,0,0,0,0,0,0,61.1,2.7,0,0,0
28.7,d_20190101,0,0,0,0,0,0,71.3,16,0,0,0
19.6,d_20190201,0,0,0,0,0,0,80.4,44,0,0,0
17.1,d_20190301,0,0,0,0,0,0,82.9,36.2,0,0,0
6.3,d_20190401,0,0,0,0,0,0,93.6,53.6,0,0,0
0,d_20190501,0,0,0,0,0,0,100,89.4,4,0,0
0.6,d_20190601,0,0,0,0,0,0,99.4,64.7,0,0,0
77.5,d_20190701,22.4,6,0,0,0,0,0,0,0,0,0
66.2,d_20190801,33.7,16.1,2.1,0,0,0,0,0,0,0,0
66.9,d_20190901,11.4,0.9,0,0,0,0,21.7,12.1,1,0,0
72.4,d_20191001,17.9,8.3,0,0,0,0,9.8,2.8,0,0,0
17.1,d_20191101,0,0,0,0,0,0,82.9,55.1,6.7,0,0
20.8,d_20191201,0,0,0,0,0,0,79.2,21.7,2.7,0,0
36.3,d_20200101,0,0,0,0,0,0,63.7,17.8,1.5,0,0
40.6,d_20200201,0,0,0,0,0,0,59.5,17.6,0.7,0,0
0.9,d_20200301,0,0,0,0,0,0,99.1,81.5,17.8,5.9,0
0.3,d_20200401,0,0,0,0,0,0,99.7,98,31.1,10.3,0.5
0,d_20200501,0,0,0,0,0,0,100,99.8,89.2,24.3,2.6
0.2,d_20200601,0,0,0,0,0,0,99.7,96.9,19.5,0,0
0,d_20200701,0,0,0,0,0,0,100.1,99.1,7.7,0,0
40.8,d_20200801,59.2,26.4,0.7,0,0,0,0,0,0,0,0
0.1,d_20200901,99.8,87.9,33.3,7.4,0,0,0,0,0,0,0
0,d_20201001,100,99.5,48.9,16.9,0.2,0,0,0,0,0,0
0,d_20201101,100,100,94.5,60.5,12.5,0,0,0,0,0,0
0,d_20201201,100,100,100,99.1,94.8,0,0,0,0,0,0
0,d_20210101,100,100,98.7,94.9,77.3,0,0,0,0,0,0
0,d_20210201,100,100,100,99,84.4,0,0,0,0,0,0
0,d_20210301,100,100,100,99.5,89.4,0,0,0,0,0,0
0,d_20210401,100,100,100,100,50.8,0,0,0,0,0,0
0,d_20210501,100,100,92.4,48.7,0.1,0,0,0,0,0,0
0,d_20210601,100.1,100.1,94.4,15.6,0,0,0,0,0,0,0
92.9,d_20210701,5.5,0.3,0,0,0,0,1.6,0,0,0,0
79.3,d_20210801,0.5,0,0,0,0,0,20.3,9,1.8,0,0
46.8,d_20210901,0,0,0,0,0,0,53.1,27.4,5.2,1.2,0
51.2,d_20211001,0.1,0,0,0,0,0,48.7,25.4,2.3,0,0
55.1,d_20211101,0,0,0,0,0,0,44.9,22.7,1.7,0,0
59.8,d_20211201,0,0,0,0,0,0,40.2,18.6,0.5,0,0
59.4,d_20220101,0,0,0,0,0,0,40.6,12.6,0,0,0
78.6,d_20220201,0.2,0,0,0,0,0,21.2,3.4,0,0,0
82.7,d_20220301,0.5,0,0,0,0,0,16.8,2.8,0,0,0
46.5,d_20220401,53.5,15.1,0,0,0,0,0,0,0,0,0
16.7,d_20220501,83.3,64.5,2.4,0,0,0,0,0,0,0,0
8.8,d_20220601,91.2,51.7,0.1,0,0,0,0,0,0,0,0
71.5,d_20220701,28.5,5,0,0,0,0,0,0,0,0,0
19.7,d_20220801,0,0,0,0,0,0,80.3,50.7,8.5,0,0
3.7,d_20220901,0,0,0,0,0,0,96.3,88,68.4,32.2,0
0,d_20221001,0,0,0,0,0,0,100,97.6,68.5,43.6,1.1
0,d_20221101,0,0,0,0,0,0,100,96.9,71.3,33.4,0.5
0,d_20221201,0,0,0,0,0,0,100.1,98.7,74.8,32.1,1.4
0,d_20230101,0,0,0,0,0,0,100,100,88.6,42.1,3.6
0,d_20230201,0,0,0,0,0,0,100.1,100,79.3,30.2,1.7
0.1,d_20230301,0,0,0,0,0,0,99.9,93.4,22.6,6.7,0
9,d_20230401,0,0,0,0,0,0,91,64.4,0.9,0,0
90.5,d_20230501,0,0,0,0,0,0,9.5,0,0,0,0
87.2,d_20230601,12.8,0,0,0,0,0,0,0,0,0,0
10.8,d_20230701,89.2,74.7,27.3,14.4,2.8,0,0,0,0,0,0
14.4,d_20230801,85.5,76.8,52.3,26.9,10.2,0,0,0,0,0,0
0,d_20230901,99.9,99.8,86.6,72,39.7,0,0,0,0,0,0
0,d_20231001,99.9,99.9,93.1,86.8,72.2,0,0,0,0,0,0
0,d_20231101,100.1,100.1,97,91,82,0,0,0,0,0,0
0,d_20231201,100,98.9,89.2,80.4,44.6,0,0,0,0,0,0
5.3,d_20240101,94.8,89.3,53.4,17.8,0.6,0,0,0,0,0,0
5.3,d_20240201,94.8,86.5,21.9,3.7,0.3,0,0,0,0,0,0
7.9,d_20240301,92.2,72.1,12.8,1.4,0,0,0,0,0,0,0
95.3,d_20240401,4.7,0,0,0,0,0,0,0,0,0,0
100,d_20240501,0,0,0,0,0,0,0,0,0,0,0
57.9,d_20240601,0,0,0,0,0,0,42.1,0.2,0,0,0
66.4,d_20240701,0,0,0,0,0,0,33.6,2.2,0,0,0
