Year,Month,Day,Gage 1,Gage 400,Gage 417,Gage 418
2000,2,21,3.048,0,0,0
2000,2,22,0.762,0,0,0
2000,3,6,6.477,0,0,0
2000,3,7,2.032,0,0,0
2000,3,21,0.762,0,0,0
2000,6,1,7.239,0,0,0
2000,6,20,4.826,0,0,0
2000,6,22,9.398,0,0,0
2000,6,23,0.254,0,0,0
2000,6,27,11.43,0,0,0
2000,6,29,10.414,0,0,0
2000,7,7,11.557,0,0,0
2000,7,9,2.667,0,0,0
2000,7,13,3.048,0,0,0
2000,7,23,8.001,0,0,0
2000,7,27,1.397,0,0,0
2000,7,28,9.271,0,0,0
2000,7,30,1.27,0,0,0
2000,8,4,3.937,0,0,0
2000,8,5,0.254,0,0,0
2000,8,6,18.669,0,0,0
2000,8,9,25.908,0,0,0
2000,8,10,7.874,0,0,0
2000,8,11,17.272,0,0,0
2000,8,13,0.254,0,0,0
2000,8,17,23.114,0,0,0
2000,8,18,2.159,0,0,0
2000,8,20,17.399,0,0,0
2000,8,23,0.254,0,0,0
2000,8,25,2.159,0,0,0
2000,8,27,17.78,0,0,0
2000,8,28,6.604,0,0,0
2000,8,29,0.254,0,0,0
2000,8,30,15.24,0,0,0
2000,9,26,4.064,0,0,0
2000,10,8,2.159,0,0,0
2000,10,10,17.907,0,0,0
2000,10,11,24.257,0,0,0
2000,10,12,10.668,0,0,0
2000,10,18,0.635,0,0,0
2000,10,19,14.986,0,0,0
2000,10,20,3.175,0,0,0
2000,10,21,0.254,0,0,0
2000,10,22,34.925,0,0,0
2000,10,23,0.254,0,0,0
2000,10,27,3.048,0,0,0
2000,10,28,1.143,0,0,0
2000,10,31,3.048,0,0,0
2000,11,4,6.223,0,0,0
2000,11,5,0.381,0,0,0
2000,11,6,10.287,0,0,0
2000,11,7,6.985,0,0,0
2000,11,11,2.159,0,0,0
2000,12,12,4.826,0,0,0
2001,1,6,14.224,0,0,0
2001,1,8,2.667,0,0,0
2001,1,9,13.716,0,0,0
2001,1,12,3.302,0,0,0
2001,1,16,2.413,0,0,0
2001,1,18,0.889,0,0,0
2001,1,27,2.413,0,0,0
2001,1,28,1.905,0,0,0
2001,2,28,1.016,0,0,0
2001,3,7,7.112,0,0,0
2001,4,5,4.953,0,0,0
2001,4,6,8.763,0,0,0
2001,4,25,3.81,0,0,0
2001,4,27,1.905,0,0,0
2001,5,12,6.223,0,0,0
2001,5,13,1.397,0,0,0
2001,5,19,1.524,0,0,0
2001,6,19,9.271,0,0,0
2001,6,20,0.508,0,0,0
2001,6,21,2.286,0,0,0
2001,6,23,0.254,0,0,0
2001,6,24,8.001,0,0,0
2001,6,25,1.397,0,0,0
2001,6,28,0.508,0,0,0
2001,7,5,17.653,0,0,0
2001,7,7,5.207,0,0,0
2001,7,9,10.541,0,0,0
2001,7,11,2.921,0,0,0
2001,7,12,13.208,0,0,0
2001,7,13,0.254,0,0,0
2001,7,15,3.429,0,0,0
2001,7,16,10.668,0,0,0
2001,7,17,1.016,0,0,0
2001,7,21,0.762,0,0,0
2001,7,24,18.034,0,0,0
2001,7,25,0.254,0,0,0
2001,7,31,9.144,0,0,0
2001,8,5,2.159,0,0,0
2001,8,11,27.178,0,0,0
2001,8,13,61.595,0,0,0
2001,8,14,6.604,0,0,0
2001,8,17,3.81,0,0,0
2001,8,20,2.667,0,0,0
2001,8,28,0.254,0,0,0
2001,8,29,12.7,0,0,0
2001,9,12,6.604,0,0,0
2001,9,13,8.763,0,0,0
2001,9,14,25.4,0,0,0
2001,9,16,0.254,0,0,0
2001,9,30,2.413,0,0,0
2001,10,1,0.508,0,0,0
2001,10,3,5.207,0,0,0
2001,10,7,0.635,0,0,0
2001,10,8,0.508,0,0,0
2001,11,6,1.143,0,0,0
2001,11,10,0.254,0,0,0
2001,11,13,1.651,0,0,0
2001,12,11,4.064,0,0,0
2001,12,15,4.953,0,0,0
2002,1,28,2.159,0,0,0
2002,2,2,4.699,0,0,0
2002,2,3,1.778,0,0,0
2002,2,4,3.302,0,0,0
2002,2,14,0,0.508,0,0
2002,2,15,0,0.508,0,0
2002,2,16,0,0.762,0,0
2002,2,18,0,0.508,0,0
2002,2,19,0,0.508,0,0
2002,2,20,0,0.508,0,0
2002,2,21,0,0.508,0,0
2002,2,22,0,0.762,0,0
2002,2,23,0,0.508,0,0
2002,2,24,0,0.254,0,0
2002,2,25,0,0.508,0,0
2002,2,26,0,0.508,0,0
2002,4,6,0.635,0,0,0
2002,6,27,2.032,0,0,0
2002,7,8,7.747,0.635,0,0
2002,7,9,0,4.699,0,0
2002,7,11,0.254,6.731,0,0
2002,7,12,0,0.635,0,0
2002,7,14,5.588,10.795,0,0
2002,7,16,2.921,1.905,0,0
2002,7,17,0.254,0,0,0
2002,7,18,1.905,1.397,0,0
2002,7,19,0.508,0,0,0
2002,7,21,6.096,5.334,0,0
2002,7,22,8.763,3.048,0,0
2002,7,23,11.938,3.683,0,0
2002,7,25,0,0.254,0,0
2002,7,26,36.449,43.561,0,0
2002,7,27,0.508,1.905,0,0
2002,8,1,7.62,6.985,0,0
2002,8,2,3.429,1.27,0,0
2002,8,3,0.889,0,0,0
2002,8,4,0,17.018,0,0
2002,8,5,6.223,4.953,0,0
2002,8,10,1.524,2.54,0,0
2002,8,19,1.27,1.778,0,0
2002,8,20,4.318,1.397,0,0
2002,8,28,1.778,5.715,0,0
2002,8,29,0.508,0,0,0
2002,8,30,6.604,1.143,0,0
2002,8,31,2.413,9.779,0,0
2002,9,2,0,1.397,0,0
2002,9,6,0.254,0,0,0
2002,9,8,24.638,9.271,0,0
2002,9,9,3.429,1.143,0,0
2002,9,11,5.334,0,0,0
2002,9,27,0,0.762,0,0
2002,9,29,0,1.651,0,0
2002,10,7,6.604,4.953,0,0
2002,10,27,0,4.445,0,0
2002,10,28,3.429,2.794,0,0
2002,11,3,0,0.762,0,0
2002,11,26,2.921,3.683,0,0
2002,11,29,1.27,1.143,0,0
2002,11,30,0,0.508,0,0
2002,12,2,9.652,9.779,0,0
2002,12,3,0,0.635,0,0
2002,12,18,1.397,0,0,0
2002,12,22,4.064,5.207,0,0
2002,12,23,0,2.794,0,0
2003,1,8,0,2.286,0,0
2003,1,20,0.254,0.254,0,0
2003,2,7,2.159,4.318,0,0
2003,2,8,0.762,1.143,0,0
2003,2,12,0,0.254,0,0
2003,2,13,3.937,4.445,0,0
2003,2,14,0,4.826,0,0
2003,2,20,14.478,22.86,0,0
2003,2,25,5.715,6.604,0,0
2003,2,26,4.064,5.461,0,0
2003,3,2,0.508,0.508,0,0
2003,3,16,1.27,2.032,0,0
2003,3,17,0.762,0.762,0,0
2003,5,30,9.906,4.445,0,0
2003,6,28,1.016,0,0,0
2003,7,12,2.667,0.508,0,0
2003,7,13,1.016,14.986,0,0
2003,7,14,0.508,0,0,0
2003,7,15,0,2.159,0,0
2003,7,17,2.413,4.572,0,0
2003,7,20,13.843,4.318,0,0
2003,7,21,3.683,7.112,0,0
2003,7,22,0,0.508,0,0
2003,7,23,2.54,0,0,0
2003,7,24,3.048,5.842,0,0
2003,7,25,30.226,9.144,0,0
2003,7,26,0,0.889,0,0
2003,7,27,0,0.381,0,0
2003,7,28,0.381,0.635,0,0
2003,7,29,0.889,0.254,0,0
2003,7,31,19.05,6.223,0,0
2003,8,1,0.254,0.254,0,0
2003,8,6,0,1.143,0,0
2003,8,7,9.652,0,0,0
2003,8,8,0.254,10.795,0,0
2003,8,9,0,0.254,0,0
2003,8,10,0.254,0,0,0
2003,8,12,3.429,2.032,0,0
2003,8,13,2.286,4.064,0,0
2003,8,14,1.905,2.667,0,0
2003,8,18,0.508,3.81,0,0
2003,8,21,0,0.635,0,0
2003,8,22,1.27,0,0,0
2003,8,23,4.699,0.381,0,0
2003,8,24,0,12.065,0,0
2003,8,25,4.953,2.286,0,0
2003,8,26,6.731,0,0,0
2003,8,27,0.254,0,0,0
2003,8,30,0,0.508,0,0
2003,8,31,0,1.397,0,0
2003,9,6,4.318,0,0,0
2003,9,8,9.144,9.398,0,0
2003,9,9,2.921,5.461,0,0
2003,9,23,2.667,0.635,0,0
2003,9,24,30.734,24.511,0,0
2003,10,2,0,5.588,0,0
2003,10,6,0,3.048,0,0
2003,10,7,0.762,1.397,0,0
2003,10,9,8.128,11.43,0,0
2003,11,11,1.524,2.413,0,0
2003,11,12,8.509,12.192,0,0
2003,11,13,5.461,9.525,0,0
2003,12,8,0.635,1.651,0,0
2003,12,12,2.159,2.159,0,0
2003,12,31,7.366,7.747,0,0
2004,1,1,0.889,0.508,0,0
2004,1,11,0.381,0.508,0,0
2004,1,14,6.096,7.874,0,0
2004,1,15,0.762,1.016,0,0
2004,1,22,5.715,8.001,0,0
2004,1,25,0.254,2.54,0,0
2004,1,31,2.286,3.048,0,0
2004,2,4,1.143,3.683,0,0
2004,2,12,0,6.858,0,0
2004,2,23,5.588,5.334,0,0
2004,2,27,6.985,9.779,0,0
2004,2,28,0,2.032,0,0
2004,3,3,14.224,17.018,0,0
2004,3,4,3.429,4.826,0,0
2004,3,11,3.81,3.302,0,0
2004,3,13,1.651,4.572,0,0
2004,3,31,0,3.429,0,0
2004,4,1,10.922,8.001,0,0
2004,4,2,7.747,9.398,0,0
2004,4,3,16.637,18.669,0,0
2004,4,4,11.049,10.287,0,0
2004,4,5,0,0.254,0,0
2004,4,10,0.254,0,0,0
2004,4,11,0,1.651,0,0
2004,6,21,0.889,0.889,0,0
2004,6,22,2.286,5.969,0,0
2004,6,23,3.556,0,0,0
2004,6,27,0,0.381,0,0
2004,7,8,0.254,0,0,0
2004,7,12,3.429,2.032,0,0
2004,7,13,0,1.397,0,0
2004,7,16,3.81,2.159,0,0
2004,7,17,1.524,0,0,0
2004,7,19,0.254,0,0,0
2004,7,22,0.254,0.508,0,0
2004,7,23,9.271,4.699,0,0
2004,7,24,0.508,0.762,0,0
2004,7,28,2.794,1.778,0,0
2004,7,31,0,0.508,0,0
2004,8,1,3.937,3.81,0,0
2004,8,2,0,19.05,0,0
2004,8,3,15.24,6.604,0,0
2004,8,5,1.524,7.239,0,0
2004,8,7,0,15.494,0,0
2004,8,8,2.54,0,0,0
2004,8,9,6.477,9.525,0,0
2004,8,13,2.032,4.572,0,0
2004,8,14,1.905,0.508,0,0
2004,8,15,2.159,4.826,0,0
2004,8,16,15.367,2.794,0,0
2004,8,17,0,0.254,0,0
2004,8,18,12.446,1.143,0,0
2004,8,19,0,0.635,0,0
2004,8,24,5.842,8.001,0,0
2004,9,3,0.254,16.637,0,0
2004,9,4,6.604,8.001,0,0
2004,9,18,1.27,0.762,0,0
2004,9,19,16.256,13.335,0,0
2004,10,21,0.508,0,0,0
2004,10,26,1.651,4.191,0,0
2004,10,28,0.762,0.762,0,0
2004,11,7,1.016,1.016,0,0
2004,11,14,4.699,2.413,0,0
2004,11,15,0,0.762,0,0
2004,11,16,0,0.254,0,0
2004,11,22,3.175,5.842,0,0
2004,12,4,8.382,7.874,0,0
2004,12,6,2.921,2.286,0,0
2004,12,29,5.715,3.683,0,0
2005,1,2,6.35,7.239,0,0
2005,1,3,3.048,2.794,0,0
2005,1,4,1.143,1.27,0,0
2005,1,5,0,0.254,0,0
2005,1,12,0.508,4.064,0,0
2005,1,20,0.254,0,0,0
2005,1,21,4.064,1.397,0,0
2005,1,24,1.143,0.762,0,0
2005,1,26,2.921,4.445,0,0
2005,2,4,0.508,1.27,0,0
2005,2,5,2.159,0.508,0,0
2005,2,6,0.254,0.254,0,0
2005,2,10,1.27,1.016,0,0
2005,2,11,3.683,4.318,0,0
2005,2,12,8.382,7.366,0,0
2005,2,19,0.254,0.508,0,0
2005,2,20,0.635,1.778,0,0
2005,2,21,1.016,1.143,0,0
2005,2,26,1.905,2.54,0,0
2005,2,27,0,0.508,0,0
2005,3,5,0,0.381,0,0
2005,3,6,0.254,5.969,0,0
2005,4,23,0,1.905,0,0
2005,4,24,2.032,1.651,0,0
2005,5,24,11.176,0.254,0,0
2005,5,25,0.254,7.62,0,0
2005,5,26,0.254,0,0,0
2005,5,27,6.477,9.017,0,0
2005,5,28,5.842,4.064,0,0
2005,5,29,0.381,0,0,0
2005,7,7,0.635,5.588,0,0
2005,7,8,2.54,0.889,0,0
2005,7,9,4.064,1.397,0,0
2005,7,16,0.381,0.508,0,0
2005,7,17,0.254,0.889,0,0
2005,7,19,1.143,0,0,0
2005,7,20,0,1.651,0,0
2005,7,22,0.254,2.032,0,0
2005,7,23,0.635,0,0,0
2005,7,24,22.987,18.161,0,0
2005,7,26,4.064,0,0,0
2005,7,27,3.302,8.255,0,0
2005,7,30,4.064,0,0,0
2005,7,31,5.461,6.096,0,0
2005,8,1,9.652,0,0,0
2005,8,2,0,0.889,0,0
2005,8,4,11.557,1.397,0,0
2005,8,7,2.54,0,0,0
2005,8,8,27.051,0.508,0,0
2005,8,9,3.048,0.508,0,0
2005,8,10,0.508,0,0,0
2005,8,12,40.005,29.972,0,0
2005,8,13,0,0.889,0,0
2005,8,14,7.874,13.97,0,0
2005,8,16,0.254,1.143,0,0
2005,8,17,1.016,0,0,0
2005,8,18,0.508,0,0,0
2005,8,23,10.414,4.953,0,0
2005,9,1,3.556,0.762,0,0
2005,9,5,1.016,37.211,0,0
2005,9,7,7.62,13.081,0,0
2005,9,8,0.635,0,0,0
2005,9,9,1.27,0,0,0
2005,9,10,0,0.254,0,0
2005,10,3,0.254,1.27,0,0
2005,10,14,0.762,0,0,0
2005,12,12,0.254,0.254,0,0
2005,12,13,4.064,4.318,0,0
2006,1,25,0.254,0.254,0,0
2006,2,17,3.429,3.937,0,0
2006,3,12,0.254,0.508,0,0
2006,3,19,1.651,1.143,0,0
2006,3,28,0.254,0.254,0,0
2006,6,6,0,0.635,0,0
2006,6,7,2.794,1.905,0,0
2006,6,8,0,3.683,0,0
2006,6,21,4.445,0.254,0,0
2006,6,26,0.254,1.016,0,0
2006,6,27,0,0.635,0,0
2006,6,30,0,1.143,0,0
2006,7,2,0,3.81,0,0
2006,7,4,12.319,14.351,0,0
2006,7,5,0.254,1.143,0,0
2006,7,6,0.254,2.921,0,0
2006,7,7,4.445,0,0,0
2006,7,13,0,3.556,0,0
2006,7,16,0.508,3.556,0,0
2006,7,18,6.604,0.635,0,0
2006,7,19,0,3.429,0,0
2006,7,23,6.858,7.493,0,0
2006,7,25,0,4.445,0,0
2006,7,27,45.847,22.606,0,0
2006,7,28,0,20.828,0,0
2006,7,29,15.113,15.621,0,0
2006,7,30,5.334,0.508,0,0
2006,7,31,2.794,14.859,0,0
2006,8,3,10.16,30.607,0,0
2006,8,4,0.254,0.254,0,0
2006,8,6,0.508,0,0,0
2006,8,7,0.254,0,0,0
2006,8,8,6.223,1.143,0,0
2006,8,9,4.572,4.318,0,0
2006,8,10,0.254,0,0,0
2006,8,11,16.256,9.652,0,0
2006,8,12,2.032,0,0,0
2006,8,13,1.524,3.429,0,0
2006,8,14,0.508,3.683,0,0
2006,8,15,11.176,4.572,0,0
2006,8,16,0,0.508,0,0
2006,8,17,27.178,0.508,0,0
2006,8,19,0.762,0,0,0
2006,8,21,3.048,0.762,0,0
2006,8,22,0.254,0,0,0
2006,8,24,1.016,1.651,0,0
2006,8,25,4.572,0,0,0
2006,9,1,0,8.255,0,0
2006,9,3,11.049,10.16,0,0
2006,9,4,13.081,19.812,0,0
2006,9,5,12.065,4.064,0,0
2006,9,7,0,13.462,0,0
2006,9,8,1.27,0,0,0
2006,9,10,0,0.254,0,0
2006,9,11,2.921,0,0,0
2006,9,12,30.099,33.655,0,0
2006,9,13,0,8.89,0,0
2006,10,6,0.889,1.27,0,0
2006,10,8,0.889,2.921,0,0
2006,10,9,9.144,0.635,0,0
2006,10,24,1.016,1.016,0,0
2006,12,27,3.302,3.048,0,0
2006,12,28,1.016,0.889,0,0
2007,1,5,0.254,0.508,0,0
2007,1,10,2.159,2.159,0,0
2007,1,11,0.254,1.651,0,0
2007,1,18,0.508,0,0,0
2007,1,19,7.874,8.255,0,0
2007,1,20,5.461,2.921,0,0
2007,1,22,5.334,5.715,0,0
2007,1,25,0.254,0,0,0
2007,1,30,0.254,0.889,0,0
2007,1,31,0,0.508,0,0
2007,2,13,0.762,0.508,0,0
2007,2,19,0,1.143,0,0
2007,3,22,14.986,10.16,0,0
2007,3,23,8.763,4.064,0,0
2007,4,13,2.286,3.429,2.159,0
2007,4,28,0.508,0,0,0
2007,5,16,0,2.159,0,0
2007,6,11,33.147,23.114,22.606,0
2007,6,28,0,0,0.254,0
2007,7,5,0.254,0.254,1.016,4.572
2007,7,6,4.953,0,0,0.508
2007,7,7,4.699,5.461,0.889,0.889
2007,7,8,0,0,0.254,0
2007,7,10,0.254,5.842,0,0
2007,7,12,0,0,4.953,10.922
2007,7,13,1.524,0,0,1.905
2007,7,14,0,0,0.508,1.778
2007,7,16,0,0,0,4.572
2007,7,17,0,0,1.27,3.937
2007,7,18,14.859,0,0.889,0
2007,7,19,2.921,11.049,0,0
2007,7,20,19.939,20.574,65.659,47.498
2007,7,21,0.508,0,2.921,0
2007,7,22,12.573,3.683,0,4.064
2007,7,23,2.667,0.635,1.397,2.794
2007,7,24,4.572,0,0,0
2007,7,25,0,0,0,1.397
2007,7,27,23.495,6.223,1.143,16.764
2007,7,28,1.27,3.81,4.699,38.862
2007,7,30,4.191,4.572,14.986,23.622
2007,7,31,1.651,0.762,6.604,1.905
2007,8,1,0.508,18.034,7.112,14.478
2007,8,2,1.651,1.651,0,1.016
2007,8,3,0.762,0,18.796,0.889
2007,8,4,2.286,6.858,3.175,7.874
2007,8,5,2.794,3.048,5.334,2.667
2007,8,6,0.508,5.08,0,0
2007,8,9,4.318,2.413,0,0
2007,8,10,1.524,4.191,0,0
2007,8,13,11.176,0,0,0
2007,8,14,2.667,0,0,0
2007,8,15,0,0,2.286,0
2007,8,16,0,3.302,0,8.636
2007,8,18,0,0,0,1.27
2007,8,24,0,9.525,3.683,0
2007,8,25,10.414,0,0,0
2007,8,28,4.064,0.381,0,0.254
2007,8,30,0.635,1.016,0,1.143
2007,8,31,0,0,0,1.778
2007,9,1,0,1.778,0,0
2007,9,6,0.762,0.508,2.286,0.508
2007,9,7,0.762,0.254,0,1.397
2007,9,9,17.907,32.258,0.762,0.254
2007,9,15,0,0,1.143,0
2007,9,16,4.699,1.397,19.177,22.733
2007,9,17,2.032,0,0,0
2007,9,23,0,0,5.588,0
2007,9,30,2.032,1.524,2.667,2.667
2007,10,1,1.524,2.286,0.508,2.413
2007,10,2,0,0,1.397,3.048
2007,10,3,0,0,0,1.397
2007,10,9,0,1.016,0,0
2007,11,16,1.397,1.016,1.016,0.508
2007,11,23,0.254,0,0.635,19.177
2007,11,24,5.842,2.413,9.906,10.414
2007,11,29,0.254,0.762,1.016,4.953
2007,11,30,3.683,3.937,6.35,8.763
2007,12,1,2.921,5.334,17.272,2.794
2007,12,8,0.254,2.54,8.89,0
2007,12,9,2.286,0.762,0.635,0.889
2007,12,10,0,0.889,0,0.889
2007,12,11,1.016,1.397,0,0.254
2008,1,4,0,0,0.635,0
2008,1,7,0,0,0.508,0
2008,1,23,0.254,0,0,0
2008,1,27,0,0.762,0,0
2008,1,28,0.762,1.016,4.318,1.143
2008,2,4,1.397,2.413,0.381,1.016
2008,2,15,0.508,2.286,4.445,1.397
2008,2,16,0.762,0.762,0,0.889
2008,5,13,0,0,0,0.254
2008,5,15,0,0,1.27,0.762
2008,5,23,3.937,4.699,0.254,9.271
2008,6,21,1.905,0,0,0
2008,6,24,0,0,0.889,0
2008,6,26,4.699,5.715,2.667,7.366
2008,6,27,0,0,0,6.985
2008,6,28,0,0.254,0,0.889
2008,6,29,5.715,0.762,1.778,4.445
2008,6,30,0,0,0,1.143
2008,7,1,0,0,4.699,3.81
2008,7,2,0,0,0,3.429
2008,7,3,4.064,0,5.334,2.54
2008,7,5,0,0.635,6.096,0
2008,7,6,0,0,0,0.635
2008,7,8,1.143,2.413,0.254,0.254
2008,7,9,0,0.889,1.524,0.508
2008,7,10,29.21,25.146,5.715,23.495
2008,7,11,2.413,11.176,0.762,2.159
2008,7,12,0,5.715,1.016,1.778
2008,7,13,3.937,11.938,13.335,1.27
2008,7,14,0.254,0,0.254,7.239
2008,7,15,0,0,0,2.413
2008,7,18,0.381,0,16.129,5.334
2008,7,19,25.4,35.687,10.541,23.368
2008,7,20,11.557,4.445,3.175,3.937
2008,7,21,0,0,0,6.604
2008,7,22,53.721,6.604,0.635,10.795
2008,7,23,22.098,0,8.255,0.889
2008,7,24,0,0.254,5.969,0
2008,7,25,0.889,3.683,0.254,4.191
2008,7,26,6.477,0,4.953,12.319
2008,7,27,0,0,9.525,5.842
2008,8,2,1.905,2.032,0,0.889
2008,8,3,13.589,14.224,22.225,24.257
2008,8,4,0,0,0,1.905
2008,8,5,1.143,0,0,2.667
2008,8,6,3.048,3.175,0,0
2008,8,8,0,0,18.796,13.081
2008,8,9,5.207,8.636,15.113,18.669
2008,8,10,0,0,0,0.254
2008,8,11,0.889,0,0,0
2008,8,12,7.112,12.827,0,0
2008,8,13,0,0,2.54,0
2008,8,14,6.604,17.272,3.302,9.779
2008,8,16,4.699,1.27,0,4.318
2008,8,17,0,2.413,0,0.254
2008,8,18,9.144,0,11.176,0
2008,8,25,0,0,37.084,1.27
2008,8,26,0.508,30.861,3.175,9.525
2008,8,27,1.524,0,9.652,0
2008,8,28,0.508,9.779,3.429,0
2008,8,29,0,0,10.795,0.635
2008,8,30,0,0,0,0.635
2008,8,31,4.699,10.16,0.508,28.067
2008,9,2,1.905,0,0,0
2008,9,3,1.016,3.937,0,0
2008,9,7,0,10.16,8.89,0
2008,9,9,0.254,0,0,0
2008,9,10,1.016,0,28.575,2.159
2008,9,11,11.811,9.525,8.382,4.445
2008,9,12,0.762,0,0.508,0.254
2008,9,25,0.254,2.413,9.652,0
2008,9,26,16.383,17.399,0,0.508
2008,10,10,0.254,1.651,13.462,0.254
2008,10,11,0,4.318,0,0.635
2008,11,26,8.382,8.636,6.35,6.731
2008,11,27,3.429,4.318,20.447,5.207
2008,11,28,0,0,0,0.254
2008,12,8,0,1.905,0,0
2008,12,9,0.508,1.143,0,0
2008,12,17,0,0,1.397,0
2008,12,18,3.048,1.397,12.319,3.81
2008,12,23,0,0.254,1.143,0
2008,12,25,0,0,0.762,0
2008,12,26,0.508,2.159,0.254,0.762
2008,12,27,1.651,1.397,0,0
2008,12,28,0,0,1.27,0
2009,1,4,0,0,2.286,0.254
2009,1,5,1.143,1.27,0.508,1.143
2009,1,22,1.27,1.27,1.397,3.175
2009,1,23,1.397,0,0,1.016
2009,2,8,3.048,2.794,6.604,3.302
2009,2,10,4.064,4.318,1.651,1.651
2009,3,8,3.683,3.429,1.27,1.524
2009,3,9,4.191,5.588,4.699,3.683
2009,4,11,0.508,0.254,1.27,0
2009,5,19,0,0,0.889,0
2009,5,20,1.905,0,3.429,1.016
2009,5,21,7.239,10.922,5.461,1.651
2009,5,22,1.905,5.461,0,2.286
2009,5,28,0.635,0,0,0
2009,5,29,1.397,0,0,0
2009,5,30,0,0.254,0,0
2009,6,9,0.254,0.508,0.254,0
2009,6,10,2.413,2.54,0,0
2009,6,13,0,0.508,0,0.254
2009,6,14,0.254,0.508,0.254,5.715
2009,6,19,1.27,0,8.001,4.953
2009,6,24,5.588,5.969,0,0
2009,6,26,0.254,0,0,0
2009,6,27,8.89,0.254,0.889,9.525
2009,6,28,0,0,0.254,0
2009,6,29,2.794,2.794,8.255,26.543
2009,6,30,0.254,0,5.334,10.033
2009,7,1,0,0.254,1.651,0
2009,7,2,9.652,9.271,18.161,2.286
2009,7,3,0,0.508,0.762,0
2009,7,4,0,0.254,0,0
2009,7,5,0,0,0,25.527
2009,7,7,0,0,0.254,1.905
2009,7,8,1.27,1.524,0.254,0
2009,7,9,0.254,2.921,0,2.667
2009,7,10,0,2.667,0,1.905
2009,7,14,1.397,0,0,0
2009,7,15,1.397,0.508,2.54,2.032
2009,7,16,4.318,2.032,6.223,0.889
2009,7,25,5.715,5.08,0,2.54
2009,7,27,0,0,0,0.381
2009,7,28,0,0,0.635,0
2009,8,2,0,4.572,0,0.254
2009,8,4,0,2.032,2.286,0.381
2009,8,10,0,0,10.541,0
2009,8,12,4.572,0.889,3.556,2.921
2009,8,13,17.526,33.909,46.736,24.384
2009,8,20,0,0.508,0.254,10.922
2009,8,21,0.889,0.508,1.27,1.397
2009,8,22,10.795,9.652,0.254,0.254
2009,8,23,0.762,0,3.048,0.762
2009,8,24,0,0,0.254,0
2009,8,25,2.413,5.207,3.683,0.889
2009,9,3,10.033,6.096,7.62,0
2009,9,4,0.508,4.445,3.429,2.794
2009,9,6,0.762,1.905,0,3.429
2009,9,12,0.508,0,2.667,0.889
2009,9,13,0,5.334,0,0.254
2009,9,18,0,0,0,3.556
2009,10,3,6.604,5.207,15.24,11.557
2009,10,17,0,0,6.604,0
2009,10,19,0,0,0.254,0
2009,10,20,0.254,3.175,0.381,0
2009,10,28,0.508,1.016,0.635,0.889
2009,11,29,0,0.508,1.778,0.508
2009,11,30,2.159,2.159,1.905,2.921
2009,12,8,0,0,0.508,0
2009,12,23,5.715,8.636,8.89,2.794
2009,12,29,1.27,0.508,2.159,2.413
2010,1,14,0,0,0,0.254
2010,1,19,0.254,0,0,0
2010,1,20,6.223,8.382,9.144,6.477
2010,1,21,3.302,1.905,6.223,5.842
2010,1,22,21.463,17.907,29.845,23.622
2010,1,23,3.81,5.461,4.953,6.604
2010,1,27,8.636,7.62,8.509,6.604
2010,1,28,0,2.159,0.508,0
2010,2,3,17.145,12.7,18.796,21.971
2010,2,7,0,0.254,0,0
2010,2,10,0.762,2.159,0.762,0
2010,2,11,1.905,2.159,0.508,0
2010,2,20,1.651,3.175,3.683,1.778
2010,2,22,2.159,3.048,0,1.397
2010,2,28,3.81,3.81,3.048,4.699
2010,3,7,0.508,0.508,11.303,3.683
2010,3,8,1.143,0.762,3.937,0.508
2010,3,9,0,0.254,0,0.508
2010,3,11,0.254,0,0,0.254
2010,3,23,0,0.508,6.096,1.27
2010,4,1,0.762,0,0,1.143
2010,4,22,0,0,0.254,0
2010,4,23,6.604,7.874,5.715,6.985
2010,5,2,0,0,0,0.508
2010,6,19,0,0,0.889,0
2010,6,24,0,0,0.508,0
2010,6,30,0,0,0.254,0
2010,7,1,2.032,1.905,1.778,0
2010,7,2,0,5.588,0,0
2010,7,8,8.255,1.778,1.778,0
2010,7,9,0,0.889,0,0
2010,7,10,0,0.762,4.826,0.254
2010,7,11,0,0,7.62,12.192
2010,7,14,3.937,0,0,0
2010,7,15,0,0.635,0.254,0
2010,7,16,0,0,0.254,0
2010,7,17,7.239,5.715,3.429,2.794
2010,7,18,0,10.541,0,0
2010,7,19,1.27,4.572,5.08,0
2010,7,20,0.508,1.016,0,0.508
2010,7,21,0.508,0,3.937,1.27
2010,7,23,0,0.635,0,23.114
2010,7,24,5.588,7.366,2.54,0
2010,7,25,4.826,0,0,0
2010,7,26,19.177,0.254,2.413,2.921
2010,7,27,13.589,1.397,10.541,2.921
2010,7,28,0,0,2.286,0
2010,7,29,5.207,2.286,41.021,5.207
2010,7,30,6.35,16.383,0,14.224
2010,7,31,0,6.096,4.826,14.986
2010,8,1,0,0,3.302,0
2010,8,2,0,0,0.508,0
2010,8,4,0,3.556,0,9.398
2010,8,5,0.254,27.051,7.366,0
2010,8,6,15.748,6.096,8.763,5.461
2010,8,7,18.288,9.652,1.143,8.89
2010,8,8,0,0,3.683,0
2010,8,10,0,1.397,1.27,10.287
2010,8,14,0,1.778,6.985,2.667
2010,8,15,2.286,15.113,10.16,9.017
2010,8,16,1.905,2.667,5.842,5.08
2010,8,17,0,0,2.794,10.541
2010,8,18,0,0,13.589,0
2010,8,21,8.382,24.003,0,7.874
2010,8,22,13.208,0,0,4.953
2010,8,23,0,0,0.762,0.254
2010,8,24,17.653,7.747,31.369,20.701
2010,8,25,2.286,0.762,6.096,8.255
2010,8,26,0,0,0.381,0
2010,8,27,0.254,0.254,0.889,1.016
2010,8,28,31.115,0,2.54,2.54
2010,8,29,14.732,5.207,4.191,0.254
2010,8,30,0,0,1.651,0
2010,9,2,0,0,0.254,0
2010,9,3,0,0,0,10.287
2010,9,6,0,6.35,10.414,2.286
2010,9,8,0,0,1.016,0
2010,9,9,0,0,0.254,0
2010,9,10,0,0,0.508,0
2010,9,11,0,0,0.889,0
2010,9,12,0,0,0.254,0
2010,9,20,0,0,0.254,0
2010,9,21,0.889,1.651,0,0
2010,9,22,9.525,12.827,32.639,7.112
2010,10,2,2.032,0,0,0.762
2010,10,3,1.651,0.254,0.889,0
2010,10,4,5.588,6.604,4.064,8.89
2010,10,5,2.54,3.048,1.143,1.905
2010,10,15,0,0,1.397,1.778
2010,10,16,0,0,0,0.254
2010,11,28,1.397,0,0,0
2010,12,16,1.524,2.286,0.889,0.254
2010,12,23,2.032,0.762,2.159,0.508
2010,12,29,0.254,0.508,2.413,1.016
2010,12,30,0.508,2.159,3.683,0.508
2011,1,31,0.254,1.27,0,0.254
2011,2,3,0,0,0.254,0
2011,2,4,0,0,0.254,0
2011,2,27,1.778,2.413,2.413,2.286
2011,4,9,0,0.254,0,0.254
2011,6,29,5.207,4.191,0,39.37
2011,6,30,0.762,0,0,1.651
2011,7,4,0.254,5.715,9.906,1.397
2011,7,5,0,1.143,11.811,1.27
2011,7,6,0,0,0,0.889
2011,7,7,0,0,2.921,0
2011,7,8,3.048,6.604,0.889,0
2011,7,9,1.016,0,6.985,2.54
2011,7,10,1.524,0,0,0
2011,7,11,0,0,0,0.254
2011,7,17,2.921,0,4.826,4.318
2011,7,18,14.859,10.922,0.508,0
2011,7,20,8.382,11.557,0.254,15.494
2011,7,23,2.413,10.16,18.796,1.651
2011,7,24,32.004,32.385,3.683,17.653
2011,7,25,18.161,0,0,0
2011,7,26,3.429,4.064,0,0
2011,7,28,8.001,5.588,19.685,5.969
2011,7,29,2.667,13.081,0,0.254
2011,7,30,1.27,0,5.842,0.381
2011,7,31,21.717,6.096,7.493,24.003
2011,8,2,0,0,3.175,0
2011,8,3,7.112,7.874,3.175,17.526
2011,8,5,0.254,4.699,0,0
2011,8,9,0,0,0.508,0
2011,8,11,11.684,10.287,6.985,2.286
2011,8,12,1.27,0,0,2.413
2011,8,13,13.462,0.254,0.254,10.16
2011,8,14,0.762,1.905,0,2.032
2011,8,15,9.525,0.508,18.034,0
2011,8,16,0,0,1.143,0
2011,8,17,0,0,1.524,20.574
2011,8,18,13.462,1.905,4.191,15.494
2011,8,19,0,0.254,1.27,4.445
2011,8,20,0,0,0.254,0
2011,8,21,0,0,1.651,0
2011,8,22,0.508,0,1.27,0
2011,8,23,2.794,0.508,0.635,0
2011,8,24,2.032,1.524,6.223,8.509
2011,8,25,0.508,0,0,0
2011,8,26,0,0,0,6.604
2011,8,27,0,0.381,0,0
2011,8,29,0,0,0,0.762
2011,8,31,2.667,5.207,8.255,0.508
2011,9,1,4.572,0,0.381,0
2011,9,4,8.128,3.683,0,1.905
2011,9,5,1.143,17.018,0.635,0.762
2011,9,7,0,0,0.254,0
2011,9,8,0,0,1.27,0
2011,9,9,13.335,16.129,19.558,29.083
2011,9,10,7.112,0,0.254,0.254
2011,9,12,1.397,0.508,0.762,1.905
2011,9,13,9.779,0.762,2.413,15.494
2011,9,14,3.683,0,0.381,0
2011,9,15,2.794,1.397,0,0.254
2011,9,16,0.381,0,0,0
2011,9,21,0,3.81,0,0
2011,9,22,0,0.635,0,0
2011,9,27,1.905,2.159,0,1.27
2011,9,29,5.334,0,0,0
2011,10,1,2.032,0.254,0,1.397
2011,10,2,0,0,0,3.048
2011,10,3,0,0,0.254,0
2011,10,24,0,0,2.794,0.381
2011,11,5,1.778,1.651,2.794,0.762
2011,11,7,0,0.254,0,0.508
2011,11,12,0,0,0.508,0
2011,11,13,8.763,9.271,4.826,7.874
2011,11,19,0,0,0.635,0
2011,11,22,0,0,0.508,0
2011,11,24,0,0,0.762,0
2011,11,25,1.778,0.889,2.794,2.286
2011,11,28,0,0,0.254,0
2011,12,3,1.016,1.143,0.508,0.254
2011,12,4,0,0,0.381,0
2011,12,5,0,0,0.254,0
2011,12,10,0,0,0.381,0
2011,12,12,8.509,7.747,16.256,8.763
2011,12,13,9.271,10.922,11.557,10.668
2011,12,18,2.159,5.334,0.508,1.016
2011,12,19,0,0.254,0,0
2011,12,21,0,0,0.254,0
2012,1,16,0.254,0.508,1.143,0
2012,2,16,0,0,0.635,0
2012,2,17,0.508,0,0.762,1.905
2012,3,18,0.762,0.508,2.032,0.635
2012,3,19,0.254,1.905,0.762,0.508
2012,5,9,9.779,14.986,10.541,8.382
2012,6,16,0,0,1.016,0
2012,6,23,0,0,0.254,0
2012,6,24,0.508,9.652,14.859,0
2012,6,25,0,0,2.667,11.811
2012,6,26,0,0.381,0,0
2012,6,27,3.175,0,6.096,0
2012,6,28,6.985,7.62,1.524,4.191
2012,7,2,0,0,17.018,1.016
2012,7,3,41.402,26.543,2.413,5.969
2012,7,4,9.906,5.334,6.223,6.985
2012,7,7,42.926,9.017,2.413,2.032
2012,7,8,0,0,0,1.524
2012,7,10,0,0,0,2.286
2012,7,11,0.254,0.508,0,1.016
2012,7,12,0,0,15.875,4.699
2012,7,13,0.762,0,13.97,0.508
2012,7,14,1.143,0,0,5.334
2012,7,15,7.239,5.715,3.302,17.907
2012,7,16,8.255,5.588,1.905,3.683
2012,7,19,2.921,2.032,0,7.62
2012,7,20,1.524,0.508,0.254,0.508
2012,7,22,7.366,0,0.889,2.286
2012,7,24,13.208,0,2.032,0.254
2012,7,27,5.08,1.524,21.082,2.667
2012,7,28,10.541,0.508,12.7,1.397
2012,7,29,8.89,0.254,2.794,0
2012,7,30,33.274,24.511,26.543,12.319
2012,7,31,0.254,0,0,16.891
2012,8,4,0,0,1.143,0
2012,8,5,0,1.016,0,1.143
2012,8,6,0,0,0,0.508
2012,8,7,1.143,0,0,13.716
2012,8,8,0.508,5.715,9.525,0.254
2012,8,11,0,0,0,1.016
2012,8,13,0.508,0,0,0
2012,8,14,1.016,2.286,2.667,0
2012,8,15,2.794,5.207,7.874,10.795
2012,8,16,1.397,0.762,3.302,4.064
2012,8,18,0,0,1.016,0.889
2012,8,19,12.446,0,0,1.397
2012,8,21,8.636,8.509,0,0
2012,8,22,3.683,2.667,17.526,4.826
2012,8,24,36.957,5.207,0,0
2012,8,26,0,0,0.508,0
2012,8,27,0,0,0,9.652
2012,9,3,78.74,64.262,4.064,30.099
2012,9,4,2.159,0.762,0.889,0.508
2012,9,5,0,0,4.191,7.874
2012,9,6,21.336,14.605,11.938,0
2012,9,10,0.508,0,17.907,13.208
2012,9,11,13.589,13.081,2.921,0.762
2012,9,12,4.064,4.064,0,0
2012,9,13,0,0,1.778,0
2012,9,28,0.508,0.254,0,0.254
2012,11,9,2.667,1.524,0.762,0.508
2012,11,17,0.508,1.651,0,0
2012,11,18,3.302,4.572,0,3.429
2012,12,13,3.556,5.334,7.874,5.461
2012,12,14,8.128,9.525,11.049,6.985
2012,12,16,2.159,2.159,0,0.508
2012,12,19,2.032,2.032,0,0.889
2012,12,30,0,0,0.508,0
2012,12,31,0.508,1.016,4.572,2.413
2013,1,25,0,0,0.254,0.254
2013,1,26,7.747,8.636,6.985,5.842
2013,1,27,0.508,0.508,2.794,1.524
2013,1,28,1.143,0,2.921,1.397
2013,1,29,0,0.762,1.651,1.27
2013,2,9,0.254,0.889,0,0
2013,2,11,0.254,0.508,0,0.508
2013,2,12,2.032,2.54,0.762,1.905
2013,2,20,2.032,0.508,3.048,2.159
2013,2,21,5.08,4.445,3.429,0.508
2013,3,8,1.905,1.651,6.35,3.683
2013,3,9,0.889,0,0,0.254
2013,4,9,0.254,0.762,0.508,0.635
2013,6,14,5.461,0,0.254,0
2013,6,15,3.81,18.415,0,0
2013,6,30,2.667,0.254,0.254,4.699
2013,7,2,3.937,5.461,0.254,6.604
2013,7,3,0,0,3.175,0
2013,7,5,0,0,15.113,24.638
2013,7,6,0,0,7.239,0
2013,7,7,0.889,1.397,1.143,0.508
2013,7,8,0,0,2.54,2.413
2013,7,9,22.225,4.064,0.635,28.829
2013,7,10,12.192,39.624,13.208,1.905
2013,7,11,7.62,8.255,3.81,4.572
2013,7,12,0.508,0.508,6.35,3.937
2013,7,13,0.254,1.016,20.701,8.382
2013,7,15,11.938,6.477,4.572,5.08
2013,7,16,4.064,11.176,20.32,84.836
2013,7,19,7.239,17.526,0.254,2.032
2013,7,20,3.048,0,0,0.254
2013,7,23,8.509,1.016,8.89,1.016
2013,7,24,0,2.667,0,4.191
2013,7,25,0,12.573,0,0
2013,7,26,0.508,0,8.128,3.175
2013,7,31,0,0,0,1.397
2013,8,1,3.81,7.493,1.016,1.016
2013,8,2,0,2.54,13.335,0.508
2013,8,3,0,0,0,0.889
2013,8,5,3.556,6.731,37.719,24.384
2013,8,6,0,0,0,0.254
2013,8,12,11.43,0.381,0,0
2013,8,14,0,0,0,5.334
2013,8,18,2.921,0,0,1.143
2013,8,19,0.254,0,0,1.524
2013,8,20,0,12.319,9.144,1.016
2013,8,21,4.826,1.651,0,1.27
2013,8,22,0,5.334,0,0.254
2013,8,23,7.239,7.62,5.334,16.764
2013,8,24,6.35,6.985,9.906,6.35
2013,8,26,0,2.54,0,0
2013,8,27,0,0.508,0,0
2013,8,29,9.652,21.336,4.445,1.905
2013,9,1,0,0,0,0.381
2013,9,2,0,0,14.097,5.461
2013,9,3,1.524,0,0,1.143
2013,9,5,0,0,0.381,0
2013,9,6,0,0,1.27,0.254
2013,9,7,1.016,1.016,3.429,3.302
2013,9,8,10.287,2.794,1.905,0.508
2013,9,9,4.191,1.524,7.112,9.144
2013,9,12,38.481,11.938,0,7.62
2013,9,15,0,0,0,0.889
2013,9,17,0,0,0,0.635
2013,9,20,1.143,28.829,49.911,3.683
2013,11,2,0,0,0,0.254
2013,11,3,0,0.635,1.397,0
2013,11,22,3.937,6.35,4.064,6.223
2013,11,23,5.207,7.366,11.176,4.826
2013,12,5,3.81,10.541,2.159,1.905
2013,12,6,0,0.254,0,0
2013,12,12,0,0,0.889,0
2013,12,20,6.477,9.144,3.81,2.032
2013,12,21,0,0.508,0,0
2014,2,3,0,0.508,0,0
2014,2,4,0,0.254,0,0
2014,2,7,0.254,0.508,0,0
2014,3,1,17.272,20.447,18.288,16.002
2014,3,2,2.159,7.62,1.143,1.016
2014,3,8,0,0,4.318,0.254
2014,4,18,0,0,0.508,1.397
2014,4,19,0,0.635,2.032,0.508
2014,7,2,4.191,0,5.207,1.143
2014,7,3,0.254,8.636,2.159,1.651
2014,7,4,13.843,0,0,5.715
2014,7,5,0,0,2.54,0.508
2014,7,6,12.573,0,0,0.635
2014,7,7,0.762,20.193,0,1.143
2014,7,8,0,0,3.937,0.508
2014,7,9,0,0.381,0.508,0.762
2014,7,10,3.048,12.7,8.636,0
2014,7,11,14.224,13.335,10.922,22.098
2014,7,12,0.889,2.794,11.938,6.096
2014,7,13,1.143,0.508,0,1.905
2014,7,14,8.255,0.254,0.889,18.796
2014,7,15,8.89,0,0,0
2014,7,16,0,0,0,2.794
2014,7,23,0,3.683,0,0
2014,7,25,4.826,19.05,4.953,0
2014,7,26,0,0,0.254,0
2014,7,27,3.937,5.842,13.716,6.858
2014,7,28,1.016,0.508,2.794,1.905
2014,7,29,0,0.254,0,0
2014,7,31,0,0,0.254,0.508
2014,8,1,3.937,19.812,11.303,58.039
2014,8,2,0,0,4.191,1.905
2014,8,9,4.699,13.208,23.876,54.737
2014,8,10,2.54,0.254,0,1.016
2014,8,11,0,0.254,0,0
2014,8,12,3.683,1.016,14.224,9.525
2014,8,13,11.684,4.191,0,19.812
2014,8,15,0,0,7.112,0
2014,8,16,10.668,5.207,3.429,2.54
2014,8,17,31.75,7.62,21.59,12.954
2014,8,18,3.302,0,15.875,24.638
2014,8,19,9.525,4.572,6.604,12.7
2014,8,20,1.905,0,0,0
2014,8,21,0,0,1.651,0
2014,8,22,1.524,0,21.844,21.717
2014,8,24,0,0.254,0,0
2014,8,25,0,0.254,0,0
2014,8,26,1.143,0.254,0,6.35
2014,9,3,1.651,0,0,1.016
2014,9,4,0,0.254,4.572,1.27
2014,9,6,5.842,1.524,7.366,14.986
2014,9,8,43.815,41.529,25.908,71.12
2014,9,12,0,0,0.254,0
2014,9,16,13.335,11.684,16.891,16.51
2014,9,17,47.244,46.228,60.452,50.546
2014,9,18,24.511,31.623,21.971,5.08
2014,9,20,0,0,0,4.064
2014,9,21,10.414,2.159,1.016,0
2014,10,7,11.43,10.541,9.906,11.303
2014,10,8,12.954,20.574,40.132,14.097
2014,10,19,0.254,0,0,2.667
2014,10,20,0,2.032,5.08,0
2014,11,2,0.254,0,0,0
2014,12,2,0.254,0,1.778,0
2014,12,3,0.254,0,0,0
2014,12,4,3.937,5.334,2.413,2.921
2014,12,6,0.254,0.508,0,0.508
2014,12,13,1.397,4.064,1.27,0.635
2014,12,17,0.254,1.651,2.286,0
2014,12,18,1.397,1.905,0.508,0
2014,12,19,0,0.254,0,0
2014,12,20,0,0.254,0,0
2014,12,25,0,0.508,1.524,0
2014,12,26,0,0,0.254,0
2014,12,31,0,1.905,0.508,0.254
2015,1,8,5.588,6.35,2.54,3.302
2015,1,12,1.27,3.81,0,0.254
2015,1,29,0.508,0.889,2.54,0.508
2015,1,30,34.29,47.244,38.1,28.956
2015,1,31,11.049,16.51,12.319,3.683
2015,2,14,0,0,0.254,0
2015,2,15,0.889,0,1.651,0
2015,2,24,0,0,0.254,0.508
2015,3,2,4.191,8.636,8.255,4.318
2015,3,3,1.651,1.016,6.477,1.27
2015,3,18,8.255,6.35,12.065,6.604
2015,3,19,0,0,0.508,7.112
2015,4,12,4.953,4.572,13.589,8.001
2015,4,13,0,0,0,0.254
2015,4,26,1.27,2.54,0.508,1.143
2015,5,2,0,0,0,1.016
2015,5,4,0,2.667,0,0
2015,5,5,0,0.254,0,0
2015,5,24,2.413,0,0,0
2015,6,4,0.254,0,0,0
2015,6,8,2.54,1.016,4.064,4.445
2015,6,9,0,0,0.254,1.651
2015,6,16,1.143,0,0,0.254
2015,6,22,1.778,1.905,0.508,1.397
2015,6,23,0.254,0,0,0
2015,6,24,1.397,21.844,0.762,2.413
2015,6,25,0,2.794,6.477,0
2015,6,26,7.874,3.175,12.7,0.635
2015,6,27,0.635,0.889,2.413,0
2015,6,28,0,0.254,0.762,0.508
2015,6,29,0,0,1.651,0
2015,6,30,0.635,1.143,0,9.271
2015,7,3,0.254,1.905,0,0
2015,7,4,1.27,0.762,5.842,2.159
2015,7,5,3.937,0.508,4.953,4.953
2015,7,6,12.827,0.889,0.508,1.778
2015,7,7,2.794,0,12.954,2.032
2015,7,12,5.842,4.191,0.381,7.112
2015,7,13,0,0,6.35,0
2015,7,14,4.572,6.731,0.762,0
2015,7,15,0,0,0.508,0
2015,7,16,0,3.429,0,0
2015,7,17,0.508,2.667,0,0
2015,7,18,37.338,8.382,1.016,29.083
2015,7,19,2.54,0,0.254,0
2015,7,20,0.889,0,0,0
2015,7,21,1.016,7.112,19.812,13.462
2015,7,23,2.54,17.78,3.048,20.193
2015,7,24,0.508,9.652,18.161,0
2015,7,27,2.286,0,0,0
2015,7,29,0,3.683,4.064,0
2015,7,30,0,0,0.254,0
2015,7,31,11.938,7.747,13.716,10.922
2015,8,1,0,0,3.937,0
2015,8,6,0,0,0.254,0
2015,8,7,17.145,4.064,0,0
2015,8,8,0,0,0.254,2.667
2015,8,9,0.508,0.508,11.176,1.524
2015,8,10,0,0.635,11.684,0
2015,8,11,20.955,23.495,19.812,10.287
2015,8,12,1.016,1.397,2.286,1.651
2015,8,15,0,9.271,0,0.381
2015,8,16,1.143,2.159,0.889,4.191
2015,8,17,2.413,0.254,1.397,0
2015,8,20,0,0,2.413,0
2015,8,22,3.302,0,0,2.794
2015,8,24,0.254,0,0,0
2015,8,25,0.254,3.556,4.191,3.556
2015,8,26,0.508,4.572,3.175,0.762
2015,8,29,0,0,15.621,12.827
2015,8,30,13.97,12.827,3.81,0
2015,9,2,0,0.635,0.381,0
2015,9,3,14.224,9.779,0.254,0.762
2015,9,4,4.699,4.572,2.921,19.685
2015,9,6,0,0.508,0,2.159
2015,9,7,0,0.254,0,0
2015,9,8,0,0.381,0.254,0
2015,9,9,0,0,1.27,0
2015,9,10,0,0.254,0,0
2015,9,11,2.159,0,0,0.254
2015,9,13,0,0,0,0.508
2015,9,18,0,0,0,9.398
2015,9,19,4.064,4.953,11.938,24.511
2015,9,21,12.954,13.716,37.084,26.416
2015,9,22,8.382,0.635,0,0
2015,10,5,0,0,1.651,0
2015,10,7,0.889,0,9.906,8.128
2015,10,8,0,0,5.207,0.254
2015,10,15,0,0.635,0.254,0.508
2015,10,16,17.907,13.081,6.223,13.843
2015,10,17,6.223,6.731,24.257,22.479
2015,10,18,1.27,1.778,0.508,3.302
2015,10,20,2.286,0.508,0,2.159
2015,10,21,0.889,1.651,0,0.889
2015,10,29,0.508,0,2.413,0
2015,10,30,8.763,5.715,4.318,9.017
2015,11,4,0,0,3.048,0
2015,11,15,3.175,3.937,1.397,3.556
2015,11,16,1.905,3.302,1.143,0.508
2015,11,25,0,0,0.508,0
2015,11,26,4.572,11.303,3.048,0
2015,12,12,5.334,13.208,2.159,2.667
2015,12,14,0.254,2.286,0,0
2015,12,29,0,0,0.508,0
2016,1,4,14.478,19.939,8.636,12.827
2016,1,6,0,0,0.254,0
2016,1,7,9.779,10.795,20.955,13.716
2016,1,8,0.762,3.175,3.175,0.889
2016,1,9,0,0.254,0,0
2016,2,1,6.477,6.477,1.016,2.667
2016,2,2,0,0.254,0,0.635
2016,3,8,0.889,3.556,6.35,2.921
2016,4,8,3.81,2.413,0,0
2016,4,10,0.254,2.794,1.524,0.254
2016,4,12,0.762,0.508,0,0.254
2016,5,14,1.778,0.254,0,0
2016,6,9,0.762,1.143,12.065,1.016
2016,6,10,6.985,9.779,0.508,5.08
2016,6,11,1.651,0,0,0
2016,6,24,0,0,0.254,0
2016,6,25,0.254,0,4.953,1.651
2016,6,26,0,0,3.302,1.778
2016,6,27,0,0,0,5.461
2016,6,28,0,0.254,0,0
2016,6,29,4.699,0.508,32.004,25.146
2016,6,30,11.557,19.05,2.286,3.429
2016,7,1,5.207,25.4,8.255,0
2016,7,2,0,0,3.429,15.367
2016,7,6,0.254,0,0,0
2016,7,7,0,1.524,0,8.255
2016,7,8,0.254,0,0,0
2016,7,16,1.651,0.635,11.938,6.985
2016,7,17,8.382,1.651,0,5.461
2016,7,18,2.159,6.985,0,3.81
2016,7,19,11.303,14.478,0,16.637
2016,7,21,3.556,0,2.667,0
2016,7,22,3.429,0.762,8.89,14.605
2016,7,24,0.254,1.397,5.842,4.064
2016,7,25,0,0,1.651,0.508
2016,7,26,0,0.381,0,0.508
2016,7,27,0,0.889,0,0.889
2016,7,29,8.001,2.286,0.635,0
2016,7,30,0,11.557,0,0
2016,7,31,4.318,6.731,32.766,22.987
2016,8,1,51.816,1.905,1.016,1.905
2016,8,2,2.413,1.905,26.797,4.191
2016,8,3,2.286,1.397,0.889,0
2016,8,4,9.144,19.812,1.016,0
2016,8,5,0,0,0,0.254
2016,8,8,0,0,6.223,0
2016,8,9,7.366,0.254,37.465,1.524
2016,8,10,0,42.926,9.144,0
2016,8,12,0,0,0,0.254
2016,8,19,0,0,0.508,0.762
2016,8,20,0,0,0,6.604
2016,8,24,0,0,0,1.016
2016,8,26,1.016,0,0,8.636
2016,8,31,7.493,48.387,0,1.016
2016,9,2,5.207,3.048,14.097,4.699
2016,9,6,1.27,1.651,2.667,2.413
2016,9,7,27.559,24.638,27.051,42.799
2016,9,8,2.921,3.048,1.143,3.81
2016,9,10,0,0.254,0,0
2016,9,12,24.384,4.572,0.508,5.588
2016,9,13,0,1.905,0,0
2016,9,26,5.588,4.699,2.921,9.525
2016,9,27,9.144,21.844,14.478,8.89
2016,9,28,0,0.254,0,0.254
2016,9,29,1.524,2.667,2.286,2.921
2016,9,30,0.254,0,11.303,0
2016,10,2,1.778,0.254,1.397,0.762
2016,10,8,0,1.143,0,0
2016,10,9,1.397,0,0,0
2016,10,24,0,0,0,0.381
2016,11,3,0,0,0,1.143
2016,11,28,0,1.016,0,0.508
2016,12,2,0,0,1.143,1.27
2016,12,17,3.429,3.81,1.397,1.27
2016,12,21,2.159,2.667,3.302,3.556
2016,12,22,12.319,16.891,13.843,14.224
2016,12,24,2.032,2.159,4.064,0.508
2016,12,25,0.254,0,0.762,0
2016,12,29,0.508,0.254,0,0
2016,12,31,2.794,2.921,0.254,1.016
2017,1,1,1.524,2.032,5.08,2.032
2017,1,14,0.508,0.254,5.461,1.143
2017,1,15,4.191,3.175,9.525,1.524
2017,1,20,0,2.921,2.667,0.254
2017,1,21,5.588,8.001,13.208,4.318
2017,1,24,0.508,1.143,0,0
2017,2,12,0,0.508,2.032,0.254
2017,2,13,1.143,1.524,3.937,2.794
2017,2,18,0.762,0.762,2.159,0
2017,2,19,0,1.778,0.254,0
2017,3,23,0,1.778,0.254,0
2017,3,28,3.302,3.048,0,0.889
2017,4,1,0.508,0.508,0.508,2.54
2017,5,7,0,1.016,1.016,0
2017,5,8,0,0,0.254,0
2017,5,9,0.254,1.651,4.826,5.842
2017,6,7,9.652,0.635,0,0
2017,6,8,0,0,0,5.334
2017,6,20,3.048,0,0,0.254
2017,6,30,0,0,0.254,0
2017,7,2,0,0,3.937,0.762
2017,7,3,6.477,14.224,0,40.132
2017,7,8,0,2.794,0,0
2017,7,9,1.778,0,16.002,0
2017,7,10,0,6.604,0,0
2017,7,11,0,0.254,0,0
2017,7,12,1.778,2.667,0.889,6.858
2017,7,13,17.145,23.749,9.017,27.559
2017,7,15,0.508,7.112,2.032,0
2017,7,16,0,4.318,0.508,5.588
2017,7,17,0.762,0.254,8.763,8.255
2017,7,18,2.159,0,4.191,4.699
2017,7,19,7.874,0,0,0
2017,7,20,15.494,3.429,17.78,0
2017,7,21,6.731,0,2.032,0
2017,7,22,19.05,1.27,0,2.032
2017,7,23,23.749,2.286,4.572,9.525
2017,7,24,0.508,0,12.192,0.762
2017,7,26,0.889,0,6.35,0
2017,7,27,5.842,20.955,0.889,3.429
2017,7,28,39.116,18.796,1.905,2.667
2017,7,29,8.636,56.134,1.016,1.27
2017,7,30,55.372,7.112,5.588,6.096
2017,7,31,0,2.794,18.415,0
2017,8,1,19.177,12.192,15.113,19.812
2017,8,2,48.895,20.066,0,9.144
2017,8,3,0,0,2.921,0
2017,8,5,0,0,0.762,0
2017,8,10,1.27,12.446,4.699,2.032
2017,8,12,8.763,32.131,3.048,0
2017,8,13,0,2.159,7.112,3.81
2017,8,14,4.699,1.905,12.827,7.239
2017,8,23,3.048,2.794,10.795,9.779
2017,8,26,0,11.811,0,0
2017,9,7,0,1.016,0,0
2017,9,8,1.016,0.508,0,0.381
2017,9,13,1.778,0,0,0.254
2017,10,30,1.143,0,3.429,1.016
2017,11,7,2.921,3.429,1.397,2.921
2017,11,8,1.905,2.032,2.286,1.651
2017,12,17,2.667,3.048,5.715,5.461
2017,12,18,0.762,2.159,0.762,0.254
2018,1,10,0,1.397,0.635,0.381
2018,1,20,0.508,0.254,0,0
2018,2,14,4.699,6.731,0,2.667
2018,2,15,21.209,23.368,22.479,16.891
2018,2,16,11.43,12.319,17.272,10.033
2018,2,18,2.54,2.413,8.89,0.762
2018,2,19,4.191,6.223,4.318,1.651
2018,2,20,0.762,1.524,0,0.508
2018,2,28,1.905,4.445,1.016,1.905
2018,3,24,0,0,0.254,0
2018,6,8,0,0.254,0,0
2018,6,14,0,0.254,3.048,1.905
2018,6,15,13.589,12.446,8.509,11.43
2018,6,16,5.334,11.811,2.667,2.921
2018,6,28,0.762,0,24.257,23.622
2018,6,29,0,2.667,0,0
2018,7,7,5.588,0,0,0
2018,7,9,0.508,0,2.032,19.558
2018,7,10,9.017,3.683,10.287,4.826
2018,7,11,0,0.635,0,0
2018,7,12,6.096,6.731,1.397,11.049
2018,7,13,2.667,8.509,6.985,2.54
2018,7,14,2.286,11.684,3.81,1.27
2018,7,15,0.508,3.048,0,5.588
2018,7,16,0,11.43,0,5.842
2018,7,19,0,7.747,0,1.016
2018,7,20,6.858,3.556,6.223,0.889
2018,7,21,1.27,2.286,4.572,1.905
2018,7,25,0,0,0,0.254
2018,7,27,0.381,0,0,0
2018,7,28,2.413,0,0,1.905
2018,7,29,4.318,31.115,3.81,0
2018,7,30,1.016,1.016,20.701,19.939
2018,8,1,0,0,0.254,11.557
2018,8,2,0,0,9.271,0
2018,8,3,0,0,10.668,9.144
2018,8,4,0,0.889,0,0
2018,8,6,5.588,9.652,7.493,11.049
2018,8,7,13.462,5.842,9.271,10.414
2018,8,8,16.383,0.762,2.413,15.494
2018,8,10,0,0,0,2.032
2018,8,11,0.635,1.397,13.081,0
2018,8,14,8.89,0.762,0,0
2018,8,15,0,0.635,0.762,1.524
2018,8,17,0,0,16.129,0
2018,8,18,0,0,2.159,0
2018,8,20,0.381,0,1.905,0.762
2018,8,22,1.397,6.35,0,27.686
2018,8,23,6.604,9.144,18.669,5.334
2018,8,24,0,0.508,0,0
2018,8,26,1.143,0,0,38.608
2018,9,2,2.032,10.668,11.43,3.556
2018,9,3,3.302,5.842,14.605,8.001
2018,9,5,0,3.429,0,0
2018,9,6,0.254,0,0,1.016
2018,9,10,0,0,4.445,0
2018,9,11,0,0,0,2.794
2018,9,16,4.826,0.635,0,0
2018,9,18,0.762,0,0.254,3.048
2018,9,19,19.304,7.747,7.493,1.27
2018,9,20,0,0,0.508,0
2018,9,30,0,0,0.254,0
2018,10,7,0,0,0.254,0
2018,10,11,0.254,0,0,0
2018,10,12,8.89,9.144,18.161,11.557
2018,10,13,7.62,32.131,0,0.254
2018,10,15,0.254,5.715,3.683,2.286
2018,10,16,6.858,11.176,4.572,5.207
2018,10,21,17.653,21.844,1.27,3.683
2018,10,22,3.937,2.54,4.191,0
2018,10,23,20.32,18.796,35.814,20.955
2018,11,30,3.048,5.461,0,1.524
2018,12,7,12.065,12.7,16.256,11.176
2018,12,16,0,0,0.762,1.778
2018,12,17,0,0,2.159,3.302
2018,12,25,0,0,0,0.762
2018,12,26,1.016,3.175,0.254,3.302
2018,12,27,0,0.508,0,0
2018,12,28,4.064,3.048,6.477,5.842
2018,12,29,0.254,0.254,5.08,2.667
2018,12,30,1.397,0.762,0.254,1.651
2019,1,1,2.667,3.81,0.508,0.762
2019,1,2,4.953,5.588,5.842,4.826
2019,1,3,0,0.254,0,0
2019,1,6,7.366,10.795,9.525,7.366
2019,1,10,1.27,1.016,2.413,1.016
2019,2,3,0,0.254,0.254,0
2019,2,6,0,0.254,0,0
2019,2,10,1.143,2.159,0,2.921
2019,2,14,1.905,1.651,0.762,0
2019,2,15,0.254,0.254,0.762,0.508
2019,2,18,2.921,2.921,0,0
2019,2,19,2.921,1.905,0,0.762
2019,2,22,13.97,16.764,19.558,9.398
2019,2,23,0,0.508,0,0
2019,3,11,1.778,4.191,3.429,3.937
2019,3,12,18.288,24.511,20.066,15.875
2019,3,13,0,0,1.143,0
2019,4,16,0.635,2.032,0,0.254
2019,4,17,0,0.254,0,0
2019,5,12,2.794,0.762,5.715,1.397
2019,6,28,0,0,0.635,0
2019,6,29,0.254,2.159,0.254,0
2019,7,1,0.254,0,0,4.699
2019,7,5,0,0,1.778,0
2019,7,6,1.143,5.715,0,1.27
2019,7,7,2.032,0,0,6.096
2019,7,11,0,0,0,0.381
2019,7,12,0,0.254,0,0
2019,7,13,2.159,0,0,0
2019,7,14,6.35,15.24,0,0
2019,7,15,0,0.254,0,0
2019,7,16,0,0,3.683,0
2019,7,17,7.366,2.159,18.288,3.302
2019,7,19,0,0,2.921,0
2019,7,22,2.032,0.889,7.493,11.43
2019,7,23,8.89,6.858,26.543,2.794
2019,7,25,0,2.159,0,0
2019,7,27,0,0,4.699,0
2019,7,28,0,0,0,9.144
2019,7,29,15.748,14.732,4.445,0.762
2019,7,30,6.223,4.064,0,2.413
2019,7,31,1.016,0,0,3.556
2019,8,2,0,5.842,0.635,0
2019,8,3,5.207,1.778,0,8.763
2019,8,5,1.397,0,0,0.508
2019,8,6,1.397,0.508,0.254,1.651
2019,8,7,0,0,0.254,0
2019,8,9,0,0,1.651,1.778
2019,8,10,0,0,6.096,0.762
2019,8,12,0,0,0,0.889
2019,8,15,0,0,0.254,4.572
2019,8,22,0,0,0,0.254
2019,8,23,9.906,16.256,9.652,7.239
2019,8,27,0,0,5.842,0
2019,8,28,0.762,4.699,6.35,35.814
2019,8,29,0.508,0,0,0.254
2019,8,30,0,0,0,1.016
2019,8,31,0,0,2.667,0
2019,9,2,0,0.508,0,0
2019,9,6,0,4.318,0,1.27
2019,9,7,0.762,0.762,0,0.254
2019,9,13,0,0,18.288,0.635
2019,9,14,2.921,7.239,0,5.969
2019,9,15,0,0.508,0,0
2019,9,16,10.795,7.112,0,2.159
2019,9,21,0,0,2.032,0
2019,9,23,0,0,0,0.254
2019,9,24,41.402,30.099,48.006,52.959
2019,9,25,11.684,1.778,16.637,12.7
2019,10,4,0,0.762,0,0
2019,11,6,0.254,0,0,0
2019,11,12,0.889,0.254,0,0
2019,11,19,22.352,30.226,11.938,14.732
2019,11,20,0,0,2.54,0.508
2019,11,21,12.7,14.097,19.685,13.843
2019,11,27,36.83,45.974,67.31,45.212
2019,11,28,8.636,8.128,9.525,8.255
2019,11,29,11.049,17.399,11.303,10.16
2019,12,4,0,0.254,0,0.254
2019,12,8,0.508,2.794,0,0.508
2019,12,9,4.191,10.922,4.699,10.033
2019,12,24,4.445,6.35,8.509,3.302
2019,12,27,7.874,10.287,11.684,6.731
2019,12,29,0,0.254,0,0
2019,12,31,0,0.254,0.254,0
2020,1,2,0.762,1.397,0,0
2020,1,10,0.381,0.889,0.254,1.143
2020,1,16,2.159,4.445,2.54,2.159
2020,1,21,4.572,9.398,5.207,5.842
2020,2,10,11.049,11.557,11.303,6.477
2020,2,11,11.43,11.811,5.08,10.668
2020,2,21,0.508,0.254,0,0.762
2020,2,22,2.921,7.62,5.207,0.254
2020,3,2,0.508,0.635,1.524,0.889
2020,3,3,7.493,9.271,10.16,5.715
2020,3,8,19.177,22.987,22.606,13.208
2020,3,10,2.159,4.318,0.254,1.27
2020,3,11,0.254,0.254,0,0
2020,3,12,4.699,11.049,15.748,5.715
2020,3,18,8.509,10.287,12.446,9.525
2020,4,11,0,0.762,0,0
2020,5,29,1.778,0,0,0
2020,6,15,0,0,1.016,14.478
2020,6,27,0,1.778,20.828,0.508
2020,7,1,0,2.794,0,0.762
2020,7,2,3.937,2.159,1.143,4.191
2020,7,10,1.778,0.508,0,0.762
2020,7,13,0,0,0.254,0
2020,7,14,11.176,0.254,0,0
2020,7,15,15.875,0.889,3.175,0.254
2020,7,16,0,0,8.636,0
2020,7,17,0,0,8.89,0
2020,7,18,0,0,0,2.413
2020,7,21,2.921,1.778,0,0
2020,7,22,8.763,2.032,10.922,10.16
2020,7,23,4.318,7.493,1.016,2.413
2020,7,24,2.159,1.27,7.747,1.016
2020,7,25,0,0,0,0.254
2020,7,28,8.509,10.795,0,3.302
2020,7,29,0,0,5.969,0.508
2020,7,31,0,0,2.032,0
2020,8,1,1.524,6.604,28.702,2.032
2020,8,2,0,0,0.254,0
2020,8,3,0,0.254,0,0
2020,8,6,0,0.254,0,0
2020,8,13,8.255,3.81,0,0
2020,8,14,1.524,0,5.461,8.255
2020,8,15,0,0.254,10.414,0.254
2020,8,16,0.508,2.159,0,0.254
2020,8,20,9.144,2.159,0,0.254
2020,8,22,15.748,7.239,0,0
2020,8,23,0,0.254,0,0
2020,8,28,0,0,0,0.254
2020,8,29,20.955,5.334,3.81,0
2020,8,31,18.288,4.572,16.891,10.668
2020,9,1,0.889,0,0,0
2020,9,6,0,0.381,0,0
2020,9,8,0,14.097,0,0
2020,11,7,2.794,1.016,2.286,0.635
2020,12,10,10.668,14.351,10.287,11.303
2020,12,25,0,0,0,0.254
2020,12,29,0,0.254,0,0
2021,1,20,5.842,6.096,15.621,7.493
2021,1,21,2.159,1.778,7.112,3.81
2021,1,24,0,0.254,1.651,0
2021,1,25,4.572,4.826,5.969,4.699
2021,1,26,3.175,2.54,10.287,2.794
2021,1,27,0,0.254,0,0
2021,2,14,0.508,0,0.762,0
2021,3,13,0.508,0.762,0.508,0
2021,3,23,9.144,6.858,3.683,3.302
2021,3,24,1.524,3.81,2.159,0.889
2021,4,27,1.143,0.508,0,0
2021,5,21,0.254,0,0,0
2021,6,20,0,0,0,0.254
2021,6,23,2.54,10.541,0,1.778
2021,7,1,8.382,0.508,1.524,11.303
2021,7,2,0.762,0,1.27,0.762
2021,7,3,19.177,7.366,1.397,4.064
2021,7,5,0,0,0.254,15.875
2021,7,6,0,0,0,0.508
2021,7,10,10.795,7.239,0.254,26.162
2021,7,11,0,0,4.572,0.381
2021,7,12,15.875,10.541,1.016,0
2021,7,13,0,3.048,0,2.159
2021,7,15,0,0,12.7,1.016
2021,7,16,5.715,33.528,0.254,23.622
2021,7,18,29.083,50.546,20.32,31.242
2021,7,19,0,0,7.493,0.254
2021,7,20,8.636,7.747,3.937,20.701
2021,7,22,3.937,17.018,6.985,10.287
2021,7,23,0.508,2.667,0,1.27
2021,7,24,20.066,12.192,22.733,11.684
2021,7,25,3.683,9.525,0,4.318
2021,7,27,3.81,16.637,0.889,28.829
2021,7,28,0.254,0,0,0.762
2021,7,29,0,0.254,0,0
2021,8,1,0,0.254,0,0
2021,8,2,0,0,2.921,0
2021,8,6,0,1.143,0,2.54
2021,8,8,13.335,13.589,8.763,8.509
2021,8,10,2.794,1.016,0,18.161
2021,8,11,0.254,0.254,0.254,1.905
2021,8,12,0,0,9.017,13.716
2021,8,13,7.493,37.719,0,0
2021,8,14,30.734,14.097,14.478,0
2021,8,15,1.397,0,2.032,2.159
2021,8,16,3.175,4.445,12.065,17.78
2021,8,17,0.254,0,0.254,1.524
2021,8,22,0,28.448,0,0
2021,8,23,1.27,0,33.274,2.54
2021,8,24,10.795,0,0,0
2021,8,28,0,0.635,0,0
2021,8,29,0,0,0,1.27
2021,8,30,1.651,0.508,1.778,0
2021,8,31,0.762,1.397,4.826,1.905
2021,9,1,3.556,7.62,17.399,4.064
2021,9,4,4.191,0,0.254,0
2021,9,5,3.302,0.254,1.651,4.318
2021,9,6,0,0.254,2.159,0
2021,9,7,0.254,0,27.051,5.08
2021,9,16,0,0,0,3.556
2021,9,18,3.175,2.032,0,0.889
2021,9,19,0,4.445,0,1.524
2021,9,23,2.667,2.413,6.223,4.064
2021,9,24,0.254,0,0,0
2021,9,25,0.254,0,0,0
2021,9,26,12.192,3.683,2.794,1.016
2021,9,27,0,0,0,0.889
2021,9,29,1.27,0,0,0
2021,9,30,3.302,1.651,22.86,1.651
2021,11,24,0,0.254,0,0
2021,11,25,1.143,0.635,0.254,2.667
2021,12,9,0,0,0.254,0
2021,12,10,1.905,2.413,0.762,0
2021,12,27,0,0,1.27,0
2021,12,30,1.524,1.905,0.254,0
2021,12,31,9.017,8.255,19.177,10.795
2022,1,1,0,1.143,0.508,0
2022,1,18,1.27,3.429,2.413,4.064
2022,1,22,0.254,0.508,0,0
2022,2,2,1.143,0.508,0,0.508
2022,2,16,1.905,1.905,0.254,0
2022,2,23,0.508,0,0,0
2022,2,24,0,0,1.143,0
2022,3,20,1.905,4.318,0.635,0.254
2022,3,21,0,0,2.667,1.397
2022,3,29,3.302,2.667,1.905,7.112
2022,6,9,0,0,0.762,0.254
2022,6,10,0.508,0.254,0,0
2022,6,17,0,0,0.254,0
2022,6,18,2.032,0,0,0
2022,6,19,0,11.811,0,0
2022,6,20,0.254,0,0,1.524
2022,6,21,3.937,13.335,3.556,3.429
2022,6,22,6.731,2.413,13.335,0
2022,6,23,0.254,0,0,0
2022,6,24,10.16,21.209,0.508,0
2022,6,25,0,0,0.508,0
2022,6,26,1.143,7.747,0.889,2.921
2022,6,27,12.192,10.16,12.319,13.208
2022,6,28,0,0.254,0.889,0.762
2022,6,29,5.842,1.27,0,3.81
2022,7,1,2.794,9.906,23.622,6.096
2022,7,2,0.254,0,0,0
2022,7,3,0.508,0.254,4.191,0.762
2022,7,8,1.27,0,1.016,2.159
2022,7,9,1.651,0.254,2.286,10.414
2022,7,10,0,0,2.54,0.508
2022,7,11,1.778,0.635,1.524,1.143
2022,7,12,0,0,1.778,0.508
2022,7,13,0,0,0,0.635
2022,7,14,0.635,0.381,0,13.589
2022,7,15,0,0.254,0,0
2022,7,18,4.064,1.778,3.302,2.032
2022,7,19,0,0,1.143,0
2022,7,20,0,0,3.81,0
2022,7,21,0,0.254,15.621,1.651
2022,7,22,0.254,9.144,0,4.953
2022,7,23,1.27,5.08,0.762,2.921
2022,7,24,12.954,21.209,4.318,1.524
2022,7,25,1.143,0,2.54,4.826
2022,7,26,0,0,4.826,31.496
2022,7,27,10.287,2.286,3.429,9.525
2022,7,28,7.747,1.524,1.27,38.1
2022,7,29,5.207,4.826,1.905,1.016
2022,7,30,11.811,9.017,0,3.81
2022,7,31,0,5.969,0,1.778
2022,8,3,12.065,30.988,12.065,1.905
2022,8,4,6.985,8.89,2.159,4.064
2022,8,6,4.318,6.096,2.921,0.508
2022,8,7,2.667,11.684,9.017,1.27
2022,8,8,0.254,5.588,3.81,0
2022,8,9,1.397,0.889,19.177,11.43
2022,8,10,5.334,2.413,3.556,13.462
2022,8,11,7.747,16.002,0.762,9.652
2022,8,13,0.508,18.796,0,0
2022,8,16,7.239,9.144,1.905,0.508
2022,8,17,0,0.254,0.254,0
2022,8,18,1.905,0.762,5.588,0
2022,8,19,4.953,18.796,9.144,4.826
2022,8,20,69.723,46.228,17.018,33.655
2022,8,21,5.715,2.286,11.176,1.016
2022,8,22,9.398,4.953,0,0
2022,8,23,11.684,17.907,25.146,1.143
2022,8,24,6.223,8.509,3.175,3.429
2022,8,25,0,0.254,0,0.254
2022,8,26,0,0,0,8.763
2022,9,11,0,0,0,1.524
2022,9,12,37.465,5.715,0,0
2022,9,13,1.27,1.778,0,0
2022,9,18,0,0,0,0.635
2022,9,19,0.889,2.286,0,0
2022,9,20,0,0,8.89,1.27
2022,9,21,1.651,0.254,0.254,3.302
2022,9,22,0,0,12.065,0.254
2022,9,30,11.303,6.477,0,17.272
2022,10,1,0.635,0,0,0
2022,10,4,4.953,22.352,16.002,9.779
2022,10,5,4.953,0.508,0,0
2022,10,6,0.254,0,0,3.683
2022,10,7,2.159,3.048,40.513,10.16
2022,10,8,0,0.762,0.254,0
2022,10,10,0,0,0,3.302
2022,10,15,0.254,0,1.524,2.032
2022,10,24,0,0.508,0.508,0.508
2022,11,3,0.762,1.905,0.254,1.143
2022,12,3,1.651,3.937,0,0.254
2022,12,4,19.177,24.892,3.556,11.176
2022,12,12,7.747,12.319,8.255,6.731
2022,12,13,1.778,2.667,4.826,1.778
2022,12,14,0,0.254,0,0
2022,12,18,0,0,0,0.635
2022,12,28,0,0,0.508,0
2022,12,29,0,0,0.254,0
2023,1,1,3.683,4.572,8.382,4.318
2023,1,2,0.254,1.016,4.572,0
2023,1,16,8.001,11.43,5.715,2.921
2023,1,17,3.683,2.413,0.762,1.905
2023,1,23,0,0.381,0.508,0
2023,2,1,0,1.27,0,0
2023,2,13,0.254,0,0.508,2.413
2023,2,15,2.032,0.508,2.413,1.905
2023,2,19,1.143,3.048,0.508,0
2023,2,20,1.905,1.905,2.413,2.413
2023,2,21,3.683,3.81,14.097,3.556
2023,2,22,4.826,10.033,1.27,1.905
2023,2,23,0.254,1.143,0,0.508
2023,2,26,0,0.254,0,0.635
2023,3,2,6.096,5.207,4.064,3.429
2023,3,15,0.508,0.254,1.651,0.508
2023,3,16,0.508,2.159,0,0
2023,4,11,0,0.635,0,0
2023,5,14,2.032,1.016,1.016,2.159
2023,5,15,0,0,2.667,2.159
2023,5,17,0.508,1.778,0,1.524
2023,5,18,0,2.286,0,0
2023,7,10,14.097,5.461,0,1.905
2023,7,11,0,0,4.572,0
2023,7,12,8.128,1.524,4.953,0.889
2023,7,13,0,0,0.508,2.54
2023,7,14,0,0.635,0.254,0
2023,7,15,4.572,5.842,7.112,11.811
2023,7,20,0,0,0.889,4.572
2023,7,21,8.509,2.667,0,5.207
2023,7,26,0,0.889,0.254,0
2023,7,27,1.397,0,0,0
2023,8,6,0,1.143,0.635,0
2023,8,7,12.827,8.89,0,0.889
2023,8,8,44.958,28.448,3.683,1.651
2023,8,9,0,8.763,2.286,0
2023,8,11,1.016,1.905,0,3.048
2023,8,15,6.985,0.254,2.667,0
2023,8,17,5.588,0.635,0,3.175
2023,8,18,0.762,8.255,0.254,0
2023,8,19,0,0,0.508,0
2023,8,21,19.939,8.509,4.318,2.159
2023,8,22,0,0,0,1.651
2023,8,23,0,0.762,0,0
2023,8,26,5.969,1.27,0,1.651
2023,8,30,0.381,0,0,0
2023,9,1,1.651,5.461,3.683,3.302
2023,9,11,1.397,0,7.366,1.143
2023,9,12,1.397,1.651,19.558,38.735
2023,9,13,1.143,3.302,4.826,2.159
2023,10,16,1.397,0,0,0
2023,10,17,3.175,2.286,0.889,0.508
2023,10,24,7.874,9.144,2.286,5.334
2023,11,16,3.556,4.318,0,1.397
2023,12,1,1.27,1.016,0,0.508
2023,12,22,19.558,23.495,15.748,18.415
2023,12,23,0.508,2.032,8.382,0.254
2024,1,1,0.254,0,0,0
2024,1,2,0.762,0.508,1.905,0.508
2024,1,4,0.508,0.254,0.254,2.032
2024,1,7,0,0,0.889,0.254
2024,1,8,0.762,1.397,0,1.397
2024,1,11,0.635,2.032,0,0
2024,1,21,10.668,15.875,5.842,11.303
2024,1,22,2.286,2.286,7.112,0.762
2024,1,23,3.937,8.763,8.001,3.175
2024,1,24,0,0,0,0.254
2024,2,2,3.937,4.826,6.477,4.826
2024,2,6,1.27,1.905,7.747,3.429
2024,2,7,1.143,3.683,2.159,0.762
2024,2,10,10.287,12.446,9.144,9.779
2024,2,11,0.254,0.508,0,0
2024,2,28,5.461,7.747,6.223,0.762
2024,3,7,1.143,0.762,0.508,0.254
2024,3,8,2.413,2.413,2.667,5.461
2024,3,24,0,0.508,1.27,0.254
2024,3,25,1.27,2.667,1.016,0.762
2024,3,26,3.302,2.286,0,1.27
2024,3,31,8.255,10.16,14.097,6.096
2024,4,1,3.81,6.477,4.572,6.604
2024,4,2,0,0.254,0,0
2024,6,21,51.816,60.579,2.794,4.572
2024,6,22,0.254,0.508,2.667,0
2024,6,23,0.254,0,1.905,0
2024,6,25,0,0,0.889,0
2024,6,26,0,0,0.254,0
2024,6,28,0,0,1.27,0
2024,6,29,6.096,9.398,6.35,7.366
2024,6,30,2.413,1.905,12.192,3.81
2024,7,1,0,4.064,0,0
2024,7,2,6.477,0,0,19.939
2024,7,3,0,0.254,0,0
2024,7,4,0,0,1.905,0
2024,7,5,0,0,4.572,0
2024,7,9,0,0.254,9.144,0
2024,7,11,0.254,0.254,1.016,0.889
2024,7,14,0.254,1.27,0,0.254
2024,7,15,0,0,0.762,1.778
2024,7,16,0.889,0,15.748,6.223
2024,7,17,0,3.556,0,0
2024,7,18,0,0,1.651,5.08
2024,7,20,6.477,8.636,0,4.699
2024,7,21,3.429,13.208,2.794,2.032
2024,7,25,2.413,0.762,0,0.508
2024,7,26,0,0,1.778,0
2024,7,27,0,0.508,3.937,2.667
2024,7,28,0.254,0.508,39.751,0
2024,7,29,2.159,1.905,28.321,10.033
2024,7,30,0.762,1.016,1.016,1.27
2024,7,31,2.667,3.556,0.254,0
2024,8,1,0,0,4.064,0
2024,8,2,1.143,0.254,0,0
2024,8,3,2.413,0,0,6.35
2024,8,4,1.016,0,0,0
2024,8,5,3.175,0,12.065,5.588
2024,8,6,9.017,0.635,0,1.905
2024,8,7,11.684,8.382,1.143,0
2024,8,8,0.254,0,1.524,5.969
2024,8,9,0,1.27,5.461,0
2024,8,10,0,4.572,0,0
2024,8,11,0.762,0.635,1.143,0.254
2024,8,13,2.54,7.747,0,6.477
2024,8,16,0,0,5.969,1.016
2024,8,17,6.35,3.175,1.27,0
2024,8,18,0.254,0,0,0
2024,8,19,0.381,7.493,0,0
2024,8,20,0,1.016,0,0.254
2024,8,21,0,0,0.254,0.254
2024,8,22,3.937,23.368,9.144,0
2024,8,23,0.254,0.762,11.176,1.016
2024,8,24,0,0,1.524,0
2024,8,26,0,0.381,0,0
2024,8,27,0,0,0,0.254
2024,8,28,0,0.254,0,0
2024,8,29,0,5.207,0.254,0
2024,8,31,0.635,1.143,0,0
2024,9,1,0,1.778,1.524,0
2024,9,14,1.27,2.159,2.667,0
2024,9,15,4.318,2.413,3.556,1.905
2024,9,16,0,0,2.54,0
2024,9,17,0.254,0,0,0
Gage,Turned Off,Turned Back On,,,,